id_deputado,total_proposicoes,indice_produtividade,total_gastos,siglaPartido,siglaUf,nomeCivil,eficiencia
220593,412,94.4,855776.77,PL,MT,Abilio Brunini,0.00011030914054841662
204379,189,71.0,1235933.05,MDB,AP,Acácio Favacho,5.7446477379984296e-05
220714,219,101.4,1245770.1,REPUBLICANOS,AM,Adail Filho,8.139543564257963e-05
221328,226,80.8,1064702.14,PL,SP,Adilson Barroso,7.588976950868157e-05
204560,248,50.0,957670.86,PSDB,BA,Adolfo Viana,5.2210004593853885e-05
204528,1458,340.8,147943.74,NOVO,SP,Adriana Ventura,0.0023035783737791137
121948,239,63.2,1048752.57,PP,GO,Adriano do Baldy,6.026206925051921e-05
74646,26,11.200000000000001,1026809.96,PSDB,MG,Aécio Neves,1.090756852416975e-05
136811,224,95.9,1213901.41,PP,RS,Afonso Hamm,7.90014734392639e-05
178835,570,74.2,1203444.68,PDT,RS,Afonso Motta,6.165634468549066e-05
160527,48,12.0,1064738.77,PP,PB,Aguinaldo Ribeiro,1.1270370102142518e-05
204495,293,82.5,1163072.89,PT,PA,Airton Faleiro,7.093278564854178e-05
204549,40,10.8,694352.46,PP,CE,AJ Albuquerque,1.5554060253491436e-05
73579,563,222.1,944437.34,PL,DF,Alberto Fraga,0.00023516647488757697
74696,84,37.8,716088.55,MDB,SP,Alberto Mourão,5.278676778172196e-05
220538,476,157.8,1268001.72,REPUBLICANOS,RR,Albuquerque,0.00012444778071752144
160559,225,75.4,1178766.37,MDB,RS,Alceu Moreira,6.396517742527724e-05
204501,655,70.4,1094242.07,PT,SP,Alencar Santana,6.43367696509786e-05
178972,201,47.2,646821.16,CIDADANIA,SP,Alex Manente,7.297225712281893e-05
204571,76,26.7,897918.86,REPUBLICANOS,BA,Alex Santana,2.9735426205436868e-05
220542,297,100.10000000000001,1133934.2,MDB,TO,Alexandre Guimarães,8.827672716811964e-05
160545,45,19.0,625371.1900000001,UNIÃO,SP,Alexandre Leite,3.0381956034783114e-05
220554,315,113.0,1000509.78,PT,RS,Alexandre Lindenmeyer,0.00011294242421098572
221148,270,67.2,1000837.41,PT,SP,Alfredinho,6.714377313294074e-05
220576,566,124.0,898299.75,UNIÃO,AL,Alfredo Gaspar,0.0001380385556157619
74057,318,76.60000000000001,1178800.15,PCdoB,BA,Alice Portugal,6.498132868408611e-05
178927,103,34.9,1157067.17,PV,PR,Aliel Machado,3.016246671314683e-05
226708,289,64.3,756366.4,PP,MA,Allan Garcês,8.501170861106469e-05
178937,3354,219.20000000000002,866582.25,PL,RJ,Altineu Côrtes,0.0002529477150033941
178881,224,60.300000000000004,955457.99,REPUBLICANOS,MA,Aluisio Mendes,6.311109502574781e-05
220596,177,56.1,680332.71,PL,MT,Amália Barros,8.245965418890414e-05
220707,180,54.800000000000004,960478.09,PP,MA,Amanda Gentil,5.7054919389155464e-05
204356,146,40.7,1147797.04,REPUBLICANOS,ES,Amaro Neto,3.545923066677363e-05
220715,2477,754.0,22485.49,CIDADANIA,AM,Amom Mandel,0.03353273599997154
107970,176,44.800000000000004,1025961.95,PP,MG,Ana Paula Leão,4.3666336748648435e-05
220556,424,93.60000000000001,1078325.97,PT,SC,Ana Paula Lima,8.680121095479135e-05
220632,347,97.5,1015652.43,PT,MG,Ana Pimentel,9.599740730202358e-05
220657,246,96.4,540563.67,PL,CE,André Fernandes,0.0001783323692470861
204423,184,65.7,1329324.93,PL,PE,André Ferreira,4.9423582238843596e-05
133439,687,164.70000000000002,1108982.44,PDT,CE,André Figueiredo,0.0001485145247205177
178882,56,8.5,177261.78,PP,MA,André Fufuca,4.795167914933496e-05
204515,52,22.0,1007850.68,AVANTE,MG,André Janones,2.1828630407829856e-05
220676,261,70.0,656301.86,MDB,PA,Andreia Siqueira,0.00010665823802480158
123756,261,96.5,1228149.33,REPUBLICANOS,AC,Antônia Lúcia,7.857350701807573e-05
220544,60,20.1,1137333.04,REPUBLICANOS,TO,Antonio Andrade,1.7672923667108097e-05
160553,586,140.8,1090317.05,PSD,BA,Antonio Brito,0.00012913674971880886
220638,182,61.7,861965.37,PL,SP,Antonio Carlos Rodrigues,7.158060189819459e-05
220675,48,11.200000000000001,1097948.83,MDB,PA,Antônio Doido,1.0200839687583619e-05
220549,308,109.7,600876.89,CIDADANIA,RS,Any Ortiz,0.00018256651541383127
73433,163,29.6,823309.49,PT,SP,Arlindo Chinaglia,3.59524581697704e-05
141391,219,52.800000000000004,981346.27,CIDADANIA,SP,Arnaldo Jardim,5.3803638546463324e-05
160541,4,0.4,202873.75,PP,AL,Arthur Lira,1.9716695728254644e-06
160600,205,44.6,1147794.65,UNIÃO,BA,Arthur Oliveira Maia,3.885712483500424e-05
74090,79,34.4,1261988.3,PSD,AM,Átila Lins,2.7258572840968493e-05
123086,115,30.1,1160909.57,PP,PI,Átila Lira,2.5927945447120398e-05
160665,264,65.9,1214221.44,REPUBLICANOS,PE,Augusto Coutinho,5.427346102536289e-05
220577,207,69.2,1160070.45,MDB,AP,Augusto Puppio,5.9651549610629254e-05
160512,1082,243.0,997641.62,SOLIDARIEDADE,RJ,Aureo Ribeiro,0.00024357444109037872
69871,494,104.7,1065111.97,PV,BA,Bacelar,9.829952432137252e-05
178975,62,20.2,715085.5599999999,MDB,SP,Baleia Rossi,2.824836792956636e-05
220605,214,78.10000000000001,881073.55,PSB,RJ,Bandeira de Mello,8.864186196487229e-05
220612,214,70.2,1068419.06,PP,RJ,Bebeto,6.57045560381523e-05
73701,314,78.4,932501.67,PT,RJ,Benedita da Silva,8.407491645564559e-05
109429,234,61.0,1121377.44,UNIÃO,RN,Benes Leocádio,5.439738470215702e-05
204358,126,42.1,1236103.33,PSDB,MS,Beto Pereira,3.4058641359699275e-05
220698,26,8.1,300152.09,PSD,PR,Beto Preto,2.6986318835894158e-05
220683,150,57.0,957523.56,PSDB,PR,Beto Richa,5.952856136511147e-05
204374,685,139.1,854125.99,PL,DF,Bia Kicis,0.00016285653595437367
204388,435,140.6,1222250.57,PL,RS,Bibo Nunes,0.00011503369558665862
160538,251,54.800000000000004,1187034.51,PT,RS,Bohn Gass,4.616546489452948e-05
74052,1,0.4,181044.6,PL,SE,Bosco Costa,2.209400335607911e-06
210989,243,74.2,1044123.42,AVANTE,MG,Bruno Farias,7.106439581634899e-05
220635,270,97.2,902599.26,PODE,SP,Bruno Ganem,0.00010768898702620253
220574,926,317.6,1219309.96,PL,PB,Cabo Gilberto Silva,0.0002604751953309723
143942,128,50.800000000000004,276967.44,PSD,RJ,Caio Vianna,0.00018341506135161593
220548,504,146.0,1151092.72,PT,MS,Camila Jara,0.0001268360032717434
204572,2334,413.5,953486.01,PL,AM,Capitão Alberto Neto,0.00043367180604988634
220690,612,127.5,1105609.6199999999,PL,BA,Capitão Alden,0.00011532099367948699
178829,238,81.7,1150781.16,PL,SP,Capitão Augusto,7.099525334599674e-05
229069,11,6.0,174706.21,PP,SE,Capitão Samuel,3.4343369935161436e-05
229106,82,36.4,129327.56,PT,SC,Carla Ayres,0.00028145586292666465
213762,29,0.0,46683.41,UNIÃO,RN,Carla Dickson,0.0
204507,270,109.3,1067393.21,PL,SP,Carla Zambelli,0.00010239900251941832
204361,197,68.0,743701.34,MDB,SC,Carlos Chiodini,9.14345535534466e-05
178962,67,25.200000000000003,253889.16,REPUBLICANOS,RS,Carlos Gomes,9.925591151666343e-05
178993,256,92.0,1123594.95,UNIÃO,TO,Carlos Henrique Gaguim,8.188004048968003e-05
204460,285,57.300000000000004,840756.71,PL,RJ,Carlos Jordy,6.81528905074097e-05
74262,78,28.3,1088448.1,PSD,SP,Carlos Sampaio,2.6000321007496817e-05
204426,474,81.4,1229283.11,PT,PE,Carlos Veras,6.62174557982823e-05
141398,155,53.5,1085123.79,PT,SP,Carlos Zarattini,4.9303130659406145e-05
164360,41,14.4,119532.9,CIDADANIA,SC,Carmen Zanotto,0.00012046892529169794
220704,363,95.2,970711.03,PT,PR,Carol Dartora,9.807244077570644e-05
204369,416,89.10000000000001,343561.44,PL,SC,Caroline de Toni,0.0002593422591312925
220699,95,26.8,1060026.72,PSD,PI,Castro Neto,2.5282381561098763e-05
206018,1274,133.4,1064257.64,PSOL,MG,Célia Xakriabá,0.00012534558831074025
178876,149,46.4,874870.16,MDB,GO,Célio Silveira,5.303644143034893e-05
204488,228,102.9,1087209.38,PSD,CE,Célio Studart,9.464598254293944e-05
73441,231,68.8,513156.36,REPUBLICANOS,SP,Celso Russomanno,0.0001340721958507929
204496,50,22.7,259222.31,UNIÃO,PA,Celso Sabino,8.75696231547354e-05
204504,330,74.0,1197719.07,PSD,SP,Cezinha de Madureira,6.178410434760799e-05
205476,67,29.200000000000003,1109495.88,PSD,BA,Charles Fernandes,2.6318259063747045e-05
74171,1676,101.10000000000001,1016861.48,PSOL,RJ,Chico Alencar,9.94235714386585e-05
204476,135,52.0,391951.16,S.PART.,RJ,Chiquinho Brazão,0.000132669590772483
204462,1130,121.5,862282.08,PL,RJ,Chris Tonietto,0.0001409051664392701
220665,229,60.800000000000004,688683.08,PP,PE,Clarissa Tércio,8.828443991973784e-05
74537,108,32.6,993097.48,PP,BA,Claudio Cajado,3.2826586167553265e-05
141408,321,92.4,1210080.28,MDB,MA,Cleber Verde,7.635857019337593e-05
88256,242,105.60000000000001,1101464.11,PV,PE,Clodoaldo Magalhães,9.587239297338522e-05
98148,432,116.4,866241.81,MDB,SC,Cobalchini,0.00013437356481327077
220594,352,89.7,1118381.95,UNIÃO,MT,Coronel Assis,8.020515710218679e-05
204378,438,125.0,1216604.83,PL,RO,Coronel Chrisóstomo,0.00010274494800419295
220595,518,137.6,1132061.3,PL,MT,Coronel Fernanda,0.0001215481882474032
220666,635,130.20000000000002,1202666.5,PL,PE,Coronel Meira,0.00010825943850601977
222142,262,95.7,755757.93,PP,SP,Coronel Telhada,0.00012662784762311393
220590,305,91.8,1274145.69,UNIÃO,AC,Coronel Ulysses,7.204827573524971e-05
178963,267,74.8,1149580.06,PP,RS,Covatti Filho,6.506723855318089e-05
220608,298,116.7,1219475.63,UNIÃO,RO,Cristiane Lopes,9.56968693175115e-05
204355,145,58.4,1039695.35,PP,ES,Da Vitoria,5.6170300271132305e-05
141411,129,48.6,1187646.92,PSDB,MS,Dagoberto Nogueira,4.092125292591169e-05
220555,459,107.60000000000001,1195702.14,PCdoB,RS,Daiana Santos,8.99889666501726e-05
220692,71,29.200000000000003,1093519.4,UNIÃO,BA,Dal Barreto,2.6702772717155276e-05
74467,90,34.6,1147227.88,UNIÃO,PB,Damião Feliciano,3.0159657556439444e-05
220629,328,68.2,862724.55,PT,MG,Dandara,7.905188278228549e-05
220603,176,36.9,1089746.23,UNIÃO,RJ,Dani Cunha,3.3861094431131913e-05
220571,366,102.0,345904.6,PL,GO,Daniel Agrobom,0.0002948789926471056
74060,261,63.400000000000006,1213871.01,PCdoB,BA,Daniel Almeida,5.222960222107949e-05
220582,71,23.400000000000002,1127338.21,PP,AL,Daniel Barbosa,2.0756858760247293e-05
204367,167,64.9,1168199.64,PL,SC,Daniel Freitas,5.555557267591695e-05
228941,29,9.8,145302.38,PODE,SP,Daniel José,6.744555732672789e-05
204409,118,46.6,1154432.31,PSDB,RS,Daniel Trzeciak,4.0366160576361553e-05
204459,94,22.0,593598.82,UNIÃO,RJ,Daniela do Waguinho,3.706206828376108e-05
220557,486,112.4,1073399.65,PL,SC,Daniela Reinehr,0.0001047140270634521
62881,261,85.9,1198787.02,UNIÃO,CE,Danilo Forte,7.165576417402318e-05
160552,4,0.0,208190.41,PSD,RS,Danrlei de Deus Hinterholz,0.0
116379,156,40.5,645306.03,PSD,SC,Darci de Matos,6.276091980730445e-05
204511,290,91.3,1050109.22,UNIÃO,SP,David Soares,8.69433371892497e-05
220659,538,169.8,1180782.11,UNIÃO,CE,Dayany Bittencourt,0.00014380299173062506
220539,332,90.7,1241298.86,REPUBLICANOS,RR,Defensor Stélio Dener,7.3068624263459e-05
220565,181,66.0,803643.26,PT,GO,Delegada Adriana Accorsi,8.212599207265173e-05
220625,304,101.3,1044110.68,AVANTE,MG,Delegada Ione,9.70203656953303e-05
220561,278,50.4,1182395.58,PSD,SE,Delegada Katarina,4.262532848778071e-05
220642,102,44.6,193818.93,PP,SP,Delegado Bruno Lima,0.0002301116820735725
220673,465,176.5,414595.16,PL,PA,Delegado Caveira,0.000425716498957682
220649,156,50.2,1018228.36,PP,SP,Delegado da Cunha,4.930131783011819e-05
178908,245,63.800000000000004,1206256.74,PL,PA,Delegado Éder Mauro,5.289089617853659e-05
220583,280,98.3,1127352.85,PP,AL,Delegado Fabio Costa,8.719541534844214e-05
204512,218,67.9,1077450.24,UNIÃO,MG,Delegado Marcelo Freitas,6.301915158513492e-05
220701,284,77.10000000000001,1124157.19,UNIÃO,PR,Delegado Matheus Laiola,6.858471456291625e-05
220652,244,90.1,1022195.98,MDB,SP,Delegado Palumbo,8.81435671464879e-05
220654,2326,313.3,934855.41,PL,SP,Delegado Paulo Bilynskyj,0.000335132039295788
220619,386,95.60000000000001,814535.26,PL,RJ,Delegado Ramagem,0.00011736754035669372
228272,5,3.4,97742.25,PDT,MG,Délio Pinheiro,3.478536661474439e-05
220705,48,20.5,145405.25,PODE,PR,Deltan Dallagnol,0.0001409852807928187
220553,353,98.3,1153780.26,PT,RS,Denise Pessôa,8.519819883207223e-05
220689,56,16.6,974309.45,PL,MA,Detinha,1.703770809161299e-05
160588,100,30.1,1064958.18,PSD,MG,Diego Andrade,2.8264020658538915e-05
220691,278,76.60000000000001,937196.34,PSD,BA,Diego Coronel,8.173314035776112e-05
178929,762,114.8,1122904.96,REPUBLICANOS,PR,Diego Garcia,0.00010223483205559979
73768,93,36.5,1121431.72,PP,PR,Dilceu Sperafico,3.2547679318362784e-05
220671,271,31.8,1164390.87,PT,PA,Dilvanda Faro,2.731041681905321e-05
160599,52,25.2,956605.73,PP,MG,Dimas Fabiano,2.6343141390131545e-05
220602,189,65.3,998320.35,PT,RJ,Dimas Gadelha,6.540986568089091e-05
143632,183,75.6,1243450.08,PSD,CE,Domingos Neto,6.079858067161007e-05
160758,279,90.3,1113679.19,PL,MG,Domingos Sávio,8.108259614692091e-05
220573,296,80.4,1170867.18,PDT,AP,Dorinaldo Malafaia,6.866705410600032e-05
227433,135,45.2,497171.65,UNIÃO,SP,Douglas Viegas,9.091427477813749e-05
204450,566,148.5,533246.1,PP,RJ,Doutor Luizinho,0.00027848304938376487
227401,8,5.6,193014.66,UNIÃO,AC,Dr Fabio Rueda,2.901334023021878e-05
227991,13,4.0,149999.67,PL,RJ,Dr Flávio,2.66667253334624e-05
221339,81,24.400000000000002,1038311.87,UNIÃO,MA,Dr. Benjamim,2.3499683192488208e-05
220614,43,23.0,341323.86,PSD,RJ,Dr. Daniel Soranz,6.738468268816601e-05
220610,316,133.70000000000002,1216628.66,UNIÃO,RO,Dr. Fernando Máximo,0.00010989384386193896
220688,166,64.0,1132639.3,PT,PI,Dr. Francisco,5.650519101712257e-05
204518,431,120.7,1076237.68,PRD,MG,Dr. Frederico,0.00011214994814156666
212625,3,1.2000000000000002,1959.59,PODE,MA,Dr. Gonçalo,0.0006123729963921025
220570,176,45.9,1003429.78,PSD,GO,Dr. Ismael Alexandrino,4.574311119209557e-05
204481,126,28.8,1167040.96,PL,CE,Dr. Jaziel,2.4677797084345696e-05
204351,231,74.2,1122763.01,PP,MS,Dr. Luiz Ovando,6.608696522697164e-05
228616,20,4.6,187671.3,PP,MA,Dr. Remy Soares,2.451094013842287e-05
220528,380,84.0,1001013.87,PODE,ES,Dr. Victor Linhalis,8.391492117886439e-05
204412,537,151.6,973607.4299999999,UNIÃO,GO,Dr. Zacharias Calil,0.00015570957588111257
220674,155,65.2,1050252.42,MDB,PA,Dra. Alessandra Haber,6.208031398775545e-05
230088,19,8.2,103974.99,PL,CE,Dra. Mayra Pinheiro,7.88651193907304e-05
227800,25,7.6000000000000005,81944.51,REPUBLICANOS,MG,Duarte Gonçalves Jr,9.27456885153136e-05
220686,824,230.1,865272.32,PSB,MA,Duarte Jr.,0.0002659278410755125
220540,584,197.8,1163677.0,MDB,RR,Duda Ramos,0.00016997843903419937
220623,463,148.1,907725.8,PDT,MG,Duda Salabert,0.00016315499680630426
204541,290,65.0,900756.68,PDT,CE,Eduardo Bismarck,7.216155199648367e-05
92346,391,89.10000000000001,823254.63,PL,SP,Eduardo Bolsonaro,0.00010822896920725488
141421,130,56.4,1190774.21,PP,PE,Eduardo da Fonte,4.7364143030944547e-05
220589,176,69.0,1086641.85,UNIÃO,AC,Eduardo Velloso,6.349838265478178e-05
74075,107,35.4,785255.2,MDB,PA,Elcione Barbalho,4.508088580629584e-05
204364,111,34.6,925089.59,PL,TO,Eli Borges,3.740178289110355e-05
226553,9,5.2,114344.94,PSD,CE,Eliane Braz,4.5476432975521264e-05
229585,33,8.0,171595.16,PT,BA,Elisangela Araujo,4.662136158152712e-05
220008,38,13.6,178221.99,PP,PB,Eliza Virgínia,7.630932636314968e-05
178854,570,99.60000000000001,1048204.19,UNIÃO,BA,Elmar Nascimento,9.501965451979353e-05
218086,63,26.8,803019.49,REPUBLICANOS,SP,Ely Santos,3.337403429647766e-05
198783,150,57.800000000000004,968270.72,MDB,MT,Emanuel Pinheiro Neto,5.969404920144648e-05
161550,162,57.400000000000006,1013668.0,PL,MG,Emidinho Madeira,5.66260353488519e-05
225730,94,20.6,261756.28,PDT,CE,Enfermeira Ana Paula,7.869916244225354e-05
230765,26,0.0,21598.77,PCdoB,RJ,Enfermeira Rejane,0.0
220663,331,110.80000000000001,1130677.03,PSB,PE,Eriberto Medeiros,9.799438483330647e-05
220645,755,149.5,935248.84,PSOL,SP,Erika Hilton,0.0001598505056686304
160575,1155,211.20000000000002,922496.3,PT,DF,Erika Kokay,0.00022894400768870294
160640,171,55.300000000000004,867260.31,PL,MG,Eros Biondini,6.376401567367934e-05
204482,37,15.0,768386.37,REPUBLICANOS,MG,Euclydes Pettersen,1.9521429043568277e-05
74454,59,21.400000000000002,1250095.23,MDB,CE,Eunício Oliveira,1.7118695829276943e-05
178871,1465,440.8,1129625.71,PP,ES,Evair Vieira de Melo,0.00039021774743423646
178905,22,6.6000000000000005,116174.97,UNIÃO,MT,Fabio Garcia,5.6810860377239614e-05
68720,16,10.6,183937.91,UNIÃO,SE,Fábio Henrique,5.762814201814079e-05
220681,96,28.8,734854.54,PODE,MA,Fábio Macedo,3.919142963993935e-05
171623,18,7.0,561493.46,PSD,SE,Fabio Reis,1.246675250678788e-05
204368,67,22.400000000000002,1077690.74,UNIÃO,SC,Fabio Schiochet,2.078518369750491e-05
220653,57,40.0,733251.53,MDB,SP,Fábio Teruel,5.4551539769715855e-05
66828,262,88.9,1020380.46,PP,SP,Fausto Pinato,8.712436535681995e-05
220712,211,67.2,760845.45,UNIÃO,AM,Fausto Santos Jr.,8.8322799328037e-05
220646,308,86.4,535947.2,UNIÃO,SP,Felipe Becari,0.00016120991022996298
72442,332,117.3,873575.68,PSB,PE,Felipe Carreras,0.00013427571610052146
204398,326,59.4,1077203.96,UNIÃO,PR,Felipe Francischini,5.514276052234342e-05
227370,20,16.6,146797.99,PRD,MG,Felipe Saliba,0.00011308056738379049
160666,276,90.0,1008598.67,PDT,BA,Félix Mendonça Júnior,8.92327173106425e-05
204407,1151,158.0,980674.53,PSOL,RS,Fernanda Melchionna,0.00016111359596542187
220656,451,116.60000000000001,1197091.23,UNIÃO,CE,Fernanda Pessoa,9.740276854254459e-05
141431,46,17.2,940453.7,UNIÃO,PE,Fernando Coelho Filho,1.8289044957768787e-05
204445,173,44.1,984033.04,PT,RN,Fernando Mineiro,4.4815568387825674e-05
92699,56,13.6,1130437.71,PP,PE,Fernando Monteiro,1.2030738075784821e-05
204427,211,65.8,1169209.25,PL,PE,Fernando Rodolfo,5.627735155191425e-05
204411,172,51.300000000000004,1078040.97,PL,PR,Filipe Barros,4.758631761462647e-05
220545,246,74.5,1082420.74,PL,TO,Filipe Martins,6.882721038770931e-05
160598,988,226.9,868037.31,PDT,GO,Flávia Morais,0.0002613942942153028
225727,14,8.2,161654.52,MDB,MT,Flavinha,5.072546069234563e-05
191923,258,49.7,1242745.96,PT,PI,Flávio Nogueira,3.999208333777243e-05
220700,349,77.9,1052974.16,PT,PI,Florentino Neto,7.398092276072569e-05
220551,247,67.2,1143726.23,REPUBLICANOS,RS,Franciane Bayer,5.875531944388475e-05
204494,221,64.9,878848.12,PRD,MG,Fred Costa,7.38466619237918e-05
220534,534,166.70000000000002,939768.0,REPUBLICANOS,DF,Fred Linhares,0.00017738420546347612
224117,143,48.9,1239241.83,REPUBLICANOS,RR,Gabriel Mota,3.9459610558820464e-05
220708,77,22.8,1162256.74,PSD,BA,Gabriel Nunes,1.9617008200787033e-05
204473,367,120.4,1334913.47,PL,RN,General Girão,9.01931119175837e-05
220611,295,95.2,1006735.48,PL,RJ,General Pazuello,9.456307231766581e-05
178966,108,31.7,725124.47,PSDB,SC,Geovania de Sá,4.371663253896259e-05
220702,179,76.10000000000001,911040.35,UNIÃO,PR,Geraldo Mendes,8.353087763895421e-05
74374,333,99.3,1202178.36,PSDB,MS,Geraldo Resende,8.260005611812875e-05
220587,142,65.8,1095708.09,PP,AC,Gerlen Diniz,6.0052490805283724e-05
204394,375,93.8,900270.38,PSB,PB,Gervásio Maia,0.00010419092095421377
74383,114,49.300000000000004,1120781.08,PL,PR,Giacobo,4.398718079716335e-05
204491,500,116.9,1032774.83,REPUBLICANOS,MG,Gilberto Abramo,0.00011319021010610804
74270,137,49.800000000000004,1065239.65,PSD,SP,Gilberto Nascimento,4.675004352307014e-05
220529,1243,397.40000000000003,1100117.87,PODE,ES,Gilson Daniel,0.0003612340194055751
204365,4182,175.2,293048.88,NOVO,SC,Gilson Marques,0.0005978524811287454
220526,246,77.2,925356.37,PL,ES,Gilvan da Federal,8.342731784512382e-05
220531,454,164.3,929588.91,REPUBLICANOS,DF,Gilvan Maximo,0.00017674479356686817
160673,230,80.3,1191394.06,PL,RS,Giovani Cherini,6.740003387292362e-05
226179,195,33.2,572887.75,UNIÃO,MT,Gisela Simona,5.795201590538461e-05
152605,253,76.10000000000001,874546.92,PSOL,RJ,Glauber Braga,8.701648620522271e-05
229333,13,5.4,161809.49,PL,MG,Gláucia Santiago,3.337257907431759e-05
204419,89,32.0,1024387.2,PODE,GO,Glaustin da Fokus,3.123818806013976e-05
107283,201,49.4,1066782.81,PT,PR,Gleisi Hoffmann,4.6307457841395095e-05
198197,114,45.7,758393.59,AVANTE,MG,Greyce Elias,6.025894812744924e-05
220639,483,115.10000000000001,858180.99,PSOL,SP,Guilherme Boulos,0.0001341208921442084
204531,8,3.4,3149.7,PL,SP,Guilherme Derrite,0.0010794678858303966
220664,92,27.5,1141208.8,PSB,PE,Guilherme Uchoa,2.409725547156664e-05
220568,896,255.5,822583.91,PL,GO,Gustavo Gayer,0.00031060661033352813
204408,59,19.2,1150476.89,REPUBLICANOS,SE,Gustinho Ribeiro,1.668873157460816e-05
204456,123,53.800000000000004,957900.16,MDB,RJ,Gutemberg Reis,5.616451718726094e-05
178964,267,91.9,1161490.72,PSB,RS,Heitor Schuch,7.912245738820884e-05
178873,775,101.9,719838.41,PT,ES,Helder Salomão,0.00014155954806579439
220537,177,47.9,1299539.3,MDB,RR,Helena Lima,3.685921618530505e-05
178909,31,16.4,807665.48,UNIÃO,PA,Hélio Leite,2.030543635466505e-05
204444,502,111.5,733189.62,PL,RJ,Helio Lopes,0.00015207525714834862
220672,199,77.2,1171018.22,MDB,PA,Henderson Pinto,6.592553273850854e-05
227324,4,0.0,184239.21,PL,MA,Henrique Júnior,0.0
204539,67,29.700000000000003,790620.87,MDB,MG,Hercílio Coelho Diniz,3.756541362233456e-05
100689,12,8.8,149927.9,REPUBLICANOS,GO,Hildo do Candango,5.869487933866879e-05
178884,42,12.2,223223.33,MDB,MA,Hildo Rocha,5.4653785516056945e-05
141450,214,45.1,485716.56,PSD,RJ,Hugo Leal,9.285250640826412e-05
160674,450,87.30000000000001,1200465.24,REPUBLICANOS,PB,Hugo Motta,7.272180575590844e-05
220563,257,82.5,924166.07,PL,SE,Icaro de Valmir,8.926966989818184e-05
204533,152,55.300000000000004,1033385.12,PDT,CE,Idilvan Alencar,5.351344714543597e-05
204508,46,14.8,1032817.05,PSD,MG,Igor Timo,1.4329740199389622e-05
98615,149,57.800000000000004,922708.78,PSD,SC,Ismael,6.264164951372849e-05
204436,352,75.0,810321.83,MDB,AL,Isnaldo Bulhões Jr.,9.255581822348289e-05
230764,1,0.0,83872.57,UNIÃO,MA,Ivan Junior,0.0
73531,251,66.3,783425.1,PSOL,SP,Ivan Valente,8.462838374721463e-05
220696,107,35.800000000000004,1059800.35,PT,BA,Ivoneide Caetano,3.377994732687152e-05
220670,274,67.4,1073730.76,MDB,PE,Iza Arruda,6.277178833919222e-05
220527,223,57.5,1039894.11,PT,ES,Jack Rocha,5.529409143398264e-05
220697,274,95.7,1128333.13,REPUBLICANOS,PI,Jadyel Alencar,8.481537717500151e-05
74848,314,55.7,839151.11,PCdoB,RJ,Jandira Feghali,6.637660289813596e-05
220567,123,57.300000000000004,866154.43,REPUBLICANOS,GO,Jeferson Rodrigues,6.615448471469459e-05
74273,178,65.7,1019898.78,PL,SP,Jefferson Campos,6.441815726066463e-05
141456,200,51.4,1046576.57,PT,SP,Jilmar Tatto,4.9112507840682884e-05
141458,132,51.1,992872.24,PL,BA,João Carlos Bacelar,5.146684330705026e-05
230957,1,0.0,40827.17,MDB,SP,João Cury,0.0
178970,451,114.7,1055947.31,PT,SE,João Daniel,0.00010862284406974814
74550,80,29.0,1073794.99,PP,BA,João Leão,2.7007017419591425e-05
141459,46,15.8,1287810.57,PP,RN,João Maia,1.2268885166861148e-05
178910,259,55.7,1023185.79,PL,PA,Joaquim Passarinho,5.4437816224949724e-05
160548,358,219.7,1090619.74,PSB,SP,Jonas Donizette,0.00020144509762861984
217480,41,12.9,308231.92,PSD,RJ,Jones Moura,4.18516031694576e-05
205550,100,19.400000000000002,998098.8,REPUBLICANOS,RJ,Jorge Braz,1.9436953536062763e-05
214694,342,92.9,997146.19,REPUBLICANOS,SC,Jorge Goetten,9.316587771347751e-05
178857,539,117.80000000000001,1153508.83,PT,BA,Jorge Solla,0.00010212318877524328
141464,132,40.800000000000004,1153817.95,PT,CE,José Airton Félix Cirilo,3.536086433739396e-05
141470,418,104.9,1231553.94,PT,CE,José Guimarães,8.517694320396556e-05
204472,885,247.9,1151764.8800000001,PL,MT,José Medeiros,0.00021523490106765538
204391,113,33.7,1033170.89,UNIÃO,GO,José Nelto,3.261803088548111e-05
74079,67,27.6,738386.41,MDB,PA,José Priante,3.737880278701229e-05
74554,182,57.2,1070305.29,UNIÃO,BA,José Rocha,5.344269577514655e-05
209189,184,57.6,1182335.26,PT,BA,Joseildo Ramos,4.871714643780479e-05
220578,363,57.6,1139384.0,PDT,AP,Josenildo,5.055363248913448e-05
74141,91,24.8,1137012.51,PT,BA,Josias Gomes,2.181154541562608e-05
204563,19,9.8,1006089.25,PL,MA,Josimar Maranhãozinho,9.740686524580201e-06
215043,118,47.6,1057941.61,PSD,MA,Josivaldo JP,4.499303132618066e-05
204474,84,23.8,684591.07,MDB,MT,Juarez Costa,3.476527965811766e-05
220559,1219,149.5,1108161.6,PL,SC,Julia Zanatta,0.00013490812170354935
220640,368,90.4,1119500.31,PT,SP,Juliana Cardoso,8.075031261045385e-05
228837,31,7.0,131844.31,MDB,MT,Juliana Kolankiewicz,5.3092924525904834e-05
66385,112,33.0,1186400.86,PP,PI,Julio Arcoverde,2.7815219216884246e-05
74317,108,39.2,1167285.21,PSD,PI,Júlio Cesar,3.358219539164726e-05
204372,215,40.2,525947.13,REPUBLICANOS,DF,Julio Cesar Ribeiro,7.643353810106351e-05
74253,404,128.70000000000002,1065564.03,PP,RJ,Julio Lopes,0.00012078110406936316
228797,30,13.2,136758.01,PP,TO,Júlio Oliveira,9.652085461027108e-05
204457,195,100.60000000000001,1083309.71,UNIÃO,RJ,Juninho do Pneu,9.286356345868995e-05
204520,596,120.5,597634.55,PL,MG,Junio Amaral,0.0002016282358508222
204497,167,64.60000000000001,741594.86,PSD,PA,Júnior Ferrari,8.710955736667324e-05
204574,64,25.0,969411.29,PL,MA,Junior Lourenço,2.5788847579854366e-05
204550,279,104.4,1025760.47,PSB,CE,Júnior Mano,0.00010177814709510107
220677,45,12.4,1159876.83,MDB,PA,Keniston Braga,1.069079033159064e-05
162067,226,65.4,1121135.89,PT,SP,Kiko Celeguim,5.8333695837709744e-05
204536,1169,258.8,443399.49,UNIÃO,SP,Kim Kataguiri,0.0005836722996681842
98057,496,118.7,994468.28,REPUBLICANOS,MG,Lafayette de Andrada,0.00011936026757937418
74856,2649,321.8,993532.44,PSD,RJ,Laura Carneiro,0.00032389480911161796
141480,90,38.9,1112419.42,PP,TO,Lázaro Botelho,3.496882497790267e-05
178832,1,0.4,43200.11,PSD,PR,Leandre,9.259235682501736e-06
220600,135,49.7,1236341.17,UNIÃO,RO,Lebrão,4.019925988552173e-05
220566,416,118.9,886550.6,PSDB,GO,Lêda Borges,0.00013411530035623462
80815,340,76.8,1102259.61,PDT,BA,Leo Prates,6.967505595165551e-05
122195,21,15.0,180021.24,PODE,PB,Leonardo Gadelha,8.332350116019643e-05
74156,225,73.3,1056185.01,PT,MG,Leonardo Monteiro,6.940071986062366e-05
74299,122,46.800000000000004,584515.13,PDT,CE,Leônidas Cristino,8.006636201187813e-05
92102,101,25.8,1107904.63,UNIÃO,BA,Leur Lomanto Júnior,2.328720297883402e-05
139285,624,130.3,1135817.77,PSB,BA,Lídice da Mata,0.0001147191067454421
74585,198,72.10000000000001,1039573.95,PL,MG,Lincoln Portela,6.935533542370893e-05
74858,481,93.3,861149.82,PT,RJ,Lindbergh Farias,0.0001083435168110469
171139,19,11.2,64801.73,SOLIDARIEDADE,SP,Loreny,0.00017283489190797837
220662,209,66.8,1213602.96,PSB,PE,Lucas Ramos,5.5042713475253886e-05
204404,317,77.9,940654.32,PSDB,RS,Lucas Redecker,8.281469435020508e-05
138286,120,44.0,663115.23,PSD,PR,Luciano Alves,6.635347524743173e-05
220581,180,51.4,1167134.17,PV,AL,Luciano Amaral,4.403949547634271e-05
103758,33,17.8,713460.81,PSD,RS,Luciano Azevedo,2.4948812535337434e-05
74478,1258,11.8,734753.96,UNIÃO,PE,Luciano Bivar,1.6059797758694628e-05
178931,204,84.0,1039692.8,PSB,PR,Luciano Ducci,8.079309580676138e-05
227323,9,6.4,185617.55,PL,MA,Luciano Galego,3.447949830175003e-05
220616,245,87.4,986137.38,REPUBLICANOS,RJ,Luciano Vieira,8.862862494878756e-05
178954,322,129.8,1217686.71,MDB,RO,Lucio Mosquini,0.00010659556266324037
229082,30,8.8,188221.02,PDT,MA,Lucyana Genésio,4.675354537978809e-05
222429,75,19.900000000000002,1024357.58,REPUBLICANOS,RJ,Luis Carlos Gomes,1.9426809923152034e-05
160510,67,19.6,768553.89,AVANTE,MG,Luis Tibé,2.550244069417175e-05
204410,298,103.4,1026989.37,PSD,PR,Luisa Canziani,0.00010068263900336184
204448,6,3.0,330638.44,PP,RJ,Luiz Antonio Corrêa,9.073355173100865e-06
141485,131,49.800000000000004,1144411.47,UNIÃO,RS,Luiz Carlos Busato,4.351581691155193e-05
73778,231,61.5,684648.36,PODE,PR,Luiz Carlos Hauly,8.982713403417778e-05
204485,118,43.800000000000004,789068.68,PL,SP,Luiz Carlos Motta,5.5508476144307235e-05
74041,532,96.4,1204527.89,PT,PB,Luiz Couto,8.003135568741377e-05
141487,120,47.800000000000004,992930.53,PSD,MG,Luiz Fernando Faria,4.814032659465109e-05
229432,18,8.6,139397.55,MDB,SC,Luiz Fernando Vampiro,6.16940541637927e-05
220658,343,56.4,1185803.23,PSD,CE,Luiz Gastão,4.75626972275999e-05
204455,400,119.4,1065233.73,PL,RJ,Luiz Lima,0.00011208807667027217
162332,164,58.0,1096356.27,PSD,PR,Luiz Nishimori,5.290251133420343e-05
204526,669,189.2,817951.57,PL,SP,Luiz Philippe de Orleans e Bragança,0.00023130953828965693
74784,214,77.8,853857.25,PSOL,SP,Luiza Erundina,9.111593302041998e-05
178866,181,61.2,1186974.5,PT,CE,Luizianne Lins,5.1559658611031664e-05
220669,118,37.2,1069442.51,PP,PE,Lula da Fonte,3.47844785036645e-05
166402,89,30.8,998169.2,PRD,GO,Magda Mofatto,3.0856492065673835e-05
220648,941,238.4,1136686.42,UNIÃO,SP,Marangoni,0.0002097324255884046
156190,786,229.3,550701.2,NOVO,RS,Marcel van Hattem,0.00041637824649737467
179000,179,57.5,1047050.38,PL,MG,Marcelo Álvaro Antônio,5.491617318356735e-05
204433,4,1.4,53956.07,PSD,RJ,Marcelo Calero,2.594703431884494e-05
220599,240,79.60000000000001,1021347.16,REPUBLICANOS,RJ,Marcelo Crivella,7.793628172422784e-05
220634,82,36.2,429946.91,PSB,SP,Marcelo Lima,8.419644183510937e-05
133810,125,38.7,593783.37,PL,RS,Marcelo Moraes,6.517528438022777e-05
160161,388,118.4,1006724.58,PP,RJ,Marcelo Queiroz,0.00011760912800996675
178983,49,19.5,113679.69,PL,SP,Marcio Alvino,0.0001715345986604995
179001,36,14.8,1074228.72,MDB,RS,Márcio Biolchi,1.3777326675831196e-05
226410,25,13.1,128836.37,MDB,GO,Márcio Correa,0.00010167936274516272
220687,289,76.4,881525.21,PDT,MA,Márcio Honaiser,8.666796948438946e-05
81055,207,65.60000000000001,1188967.04,PCdoB,MA,Márcio Jerry,5.5173943257501914e-05
150418,416,82.3,1059671.66,REPUBLICANOS,BA,Márcio Marinho,7.766556670959758e-05
204522,104,39.7,189005.95,PSD,SP,Marco Bertaiolli,0.00021004629748428555
219585,129,52.7,1036684.23,PP,PR,Marco Brasil,5.083515160638645e-05
160535,792,93.4,995110.91,PT,RS,Marcon,9.385888453378528e-05
204431,17,5.6000000000000005,1204467.47,PSD,PI,Marcos Aurélio Sampaio,4.649357611957757e-06
204506,6341,16.6,1009327.2,REPUBLICANOS,SP,Marcos Pereira,1.644659927920302e-05
220547,1198,288.2,1081025.66,PL,MS,Marcos Pollon,0.0002665986670473669
178943,96,59.0,970899.43,UNIÃO,RJ,Marcos Soares,6.0768394930461535e-05
220604,1026,239.5,839588.36,PDT,RJ,Marcos Tavares,0.0002852588380334382
220668,344,80.9,1077602.45,SOLIDARIEDADE,PE,Maria Arraes,7.507406836352313e-05
74398,263,94.60000000000001,1176938.58,PT,RS,Maria do Rosário,8.037802618383026e-05
204540,185,44.9,1013404.0,REPUBLICANOS,SP,Maria Rosas,4.4306120757368236e-05
227275,11,2.4000000000000004,186545.67,REPUBLICANOS,MA,Mariana Carvalho,1.2865482216767617e-05
220655,402,135.5,971442.51,PL,SP,Mario Frias,0.00013948329273751877
74158,181,47.6,841845.84,PDT,MG,Mário Heringer,5.654241874022921e-05
178858,82,30.6,1050000.04,PP,BA,Mário Negromonte Jr.,2.9142856032653105e-05
204566,173,53.4,1044850.07,PRD,MA,Marreca Filho,5.1107811094849234e-05
220572,240,62.4,952186.26,MDB,GO,Marussa Boldrin,6.553339679570675e-05
178843,281,136.1,1126658.19,PP,AL,Marx Beltrão,0.00012079972542515313
220661,57,22.2,959628.6,PL,CE,Matheus Noronha,2.31339499468857e-05
220609,169,43.2,1086175.8,UNIÃO,RO,Maurício Carvalho,3.9772567203209644e-05
220628,254,73.0,1020604.86,PL,MG,Mauricio do Vôlei,7.152621240702303e-05
220550,622,138.4,1045716.2,PODE,RS,Mauricio Marcon,0.00013234948449684534
220647,165,69.0,1039422.88,PP,SP,Mauricio Neves,6.638299129994137e-05
204486,180,48.6,1134126.71,PDT,CE,Mauro Benevides Filho,4.285235465444598e-05
220607,236,109.60000000000001,1064536.29,PDT,RJ,Max Lemos,0.00010295562587161778
220591,302,93.60000000000001,1236890.82,UNIÃO,AC,Meire Serafim,7.567361523468983e-05
74428,321,72.2,1113024.88,UNIÃO,PE,Mendonça Filho,6.486827140827257e-05
188097,232,52.6,1155657.43,PT,PI,Merlong Solano,4.551521812134241e-05
220585,140,30.400000000000002,836898.0599999999,PP,PB,Mersinho Lucena,3.632461521060284e-05
220530,806,158.0,1035092.79,REPUBLICANOS,ES,Messias Donato,0.0001526433200254443
171786,157,31.8,913867.75,PT,MG,Miguel Ângelo,3.47971574661651e-05
178985,120,44.4,693923.61,PL,SP,Miguel Lombardi,6.398398809344447e-05
154178,8,3.0,266824.3,REPUBLICANOS,SP,Milton Vieira,1.124335377250123e-05
178895,70,30.200000000000003,1064993.32,PSD,MG,Misael Varella,2.8356985375269774e-05
229225,124,61.1,180710.84,PP,PE,Missionária Michele Collins,0.00033810921359227815
178997,205,65.8,1192262.14,UNIÃO,CE,Moses Rodrigues,5.5189205286683014e-05
220617,192,59.300000000000004,1043561.34,UNIÃO,RJ,Murillo Gouvea,5.6824642430697944e-05
220584,161,48.800000000000004,1147447.76,REPUBLICANOS,PB,Murilo Galdino,4.25291692582153e-05
204453,167,49.2,1253637.89,PT,RN,Natália Bonavides,3.924578252815892e-05
204449,105,32.1,488318.99,PL,MT,Nelson Barbudo,6.573571918634579e-05
220622,157,54.6,1059974.2,PODE,MG,Nely Aquino,5.151068771296509e-05
220703,218,62.800000000000004,1120730.52,PP,BA,Neto Carletto,5.6034879821065286e-05
229939,3,2.0,169071.83,UNIÃO,PR,Newton Bonin,1.1829291727663917e-05
178896,173,63.400000000000006,696605.09,MDB,MG,Newton Cardoso Jr,9.101282909086985e-05
204479,495,120.3,1262817.81,UNIÃO,RR,Nicoletti,9.526314805458754e-05
209787,608,132.2,691516.04,PL,MG,Nikolas Ferreira,0.0001911741627858697
178986,930,135.70000000000002,1070508.24,PT,SP,Nilto Tatto,0.00012676221903719305
227660,36,16.6,424057.05,PSD,SE,Nitinho,3.9145676271624304e-05
74159,693,149.8,1114259.9,PT,MG,Odair Cunha,0.00013443901193967405
204498,64,15.6,1215032.3,MDB,PA,Olival Marques,1.283916485183151e-05
178987,248,55.5,1073448.64,PCdoB,SP,Orlando Silva,5.170252020627648e-05
73692,232,69.7,1134813.6300000001,MDB,RS,Osmar Terra,6.141977691966917e-05
204422,151,31.2,736907.33,REPUBLICANOS,PE,Ossesio Silva,4.233910931514279e-05
204441,169,68.10000000000001,958176.85,MDB,RJ,Otoni de Paula,7.10724747733156e-05
204573,217,82.0,965256.21,PSD,BA,Otto Alencar Filho,8.495153841071896e-05
220706,233,84.5,985378.21,UNIÃO,PR,Padovani,8.57538751541908e-05
160556,653,114.5,1010941.11,PT,MG,Padre João,0.00011326080111629846
230762,1,0.0,115385.11,UNIÃO,PA,Pastor Claudio Mariano,0.0
180214,269,73.2,1198414.32,UNIÃO,RR,Pastor Diniz,6.108071205290671e-05
160642,327,87.9,1010000.24,PL,PE,Pastor Eurico,8.70296822899765e-05
204570,144,67.5,932505.32,PL,MA,Pastor Gil,7.238564601433052e-05
220615,635,111.3,1031924.3099999999,PSOL,RJ,Pastor Henrique Vieira,0.0001078567477492608
204553,147,51.7,526190.2,AVANTE,BA,Pastor Sargento Isidório,9.825344523710249e-05
74160,1266,69.60000000000001,958787.8099999999,PT,MG,Patrus Ananias,7.259166133954083e-05
74095,117,10.8,438158.15,UNIÃO,AM,Pauderney Avelino,2.4648634288783628e-05
171617,601,75.0,932849.11,PT,AL,Paulão,8.039885464434864e-05
141518,8,0.0,338240.77999999997,SOLIDARIEDADE,SP,Paulinho da Força,0.0
220627,141,59.1,981611.99,UNIÃO,RN,Paulinho Freire,6.0207088546259505e-05
141516,74,17.0,913994.76,PSDB,MG,Paulo Abi-Ackel,1.8599668995914156e-05
220650,189,67.2,692838.63,PSDB,SP,Paulo Alexandre Barbosa,9.699228231543613e-05
178860,47,13.2,1121463.28,UNIÃO,BA,Paulo Azi,1.1770336341284397e-05
160517,252,98.0,1126139.8699999999,PSB,ES,Paulo Folletto,8.702293792333274e-05
160558,67,26.2,1017324.06,PL,SP,Paulo Freire Costa,2.5753838948820298e-05
204492,258,44.2,1095716.87,PT,MG,Paulo Guedes,4.033888790997623e-05
220685,124,50.7,1143865.32,PSD,PR,Paulo Litro,4.432339989116901e-05
74574,105,16.400000000000002,922511.07,PSD,BA,Paulo Magalhães,1.7777564447004418e-05
128760,4,1.0,172992.2,PL,MA,Paulo Marinho Jr,5.780607449353207e-06
74400,10,0.0,9786.56,PT,RS,Paulo Pimenta,0.0
220630,495,180.6,960088.93,PRD,MG,Pedro Aihara,0.00018810757457645095
220667,419,105.4,995972.45,PSB,PE,Pedro Campos,0.00010582622039394765
229112,25,6.2,175492.24,PL,TO,Pedro Jr,3.532919746195046e-05
122974,262,61.0,1174976.07,UNIÃO,MA,Pedro Lucas Fernandes,5.191595093506883e-05
204395,414,60.1,1115129.24,PP,PR,Pedro Lupion,5.389509829371885e-05
122158,102,34.0,959542.48,PSD,RJ,Pedro Paulo,3.543355370780458e-05
229259,8,5.6,78180.83,PT,SP,Pedro Tourinho,7.162881233161632e-05
160604,663,129.9,1021519.99,PT,SC,Pedro Uczai,0.00012716344395766549
204406,296,99.9,1257698.53,PP,RS,Pedro Westphalen,7.943079968456353e-05
161440,374,138.20000000000002,725299.85,MDB,SC,Pezenti,0.00019054188416004777
204524,100,45.9,949800.62,PP,MG,Pinheirinho,4.832593181503714e-05
73486,355,186.8,1392208.81,PDT,RS,Pompeo de Mattos,0.0001341752750436912
160601,593,78.5,1018097.1,PL,SP,Pr. Marco Feliciano,7.71046298039745e-05
226075,44,22.3,170230.05,PL,CE,Priscila Costa,0.0001309991978502033
89536,428,117.7,246434.47,REPUBLICANOS,DF,Prof. Paulo Fernando,0.0004776117561800506
220533,296,87.4,634925.44,PV,DF,Prof. Reginaldo Veras,0.0001376539582348441
204390,174,48.2,1083740.7,PL,GO,Professor Alcides,4.447558350443054e-05
220580,269,81.60000000000001,1230593.53,PDT,AP,Professora Goreth,6.630946613216796e-05
221338,631,153.5,777665.96,PSOL,SP,Professora Luciene Cavalcante,0.00019738552012743364
220586,313,70.6,1104739.25,MDB,AL,Rafael Brito,6.390648290988121e-05
220532,139,43.1,917432.08,MDB,DF,Rafael Prudente,4.697895456195515e-05
220626,157,45.2,1049525.69,UNIÃO,MG,Rafael Simoes,4.306707347011201e-05
204567,155,49.6,1091505.66,PODE,BA,Raimundo Costa,4.544181658205969e-05
74084,2020,700.2,1095308.49,PSD,PA,Raimundo Santos,0.0006392719552461427
115200,36,9.6,195408.67,REPUBLICANOS,PB,Raniery Paulino,4.9127809938013493e-05
74161,137,45.800000000000004,952865.09,PT,MG,Reginaldo Lopes,4.80655661338165e-05
221378,243,76.8,1099164.32,PT,RS,Reginete Bispo,6.987126365237182e-05
220606,404,98.60000000000001,1030189.91,PT,RJ,Reimont,9.571050836636519e-05
205865,103,39.1,1003344.54,PSD,PR,Reinhold Stephanes,3.89696643986322e-05
225386,20,7.6,42378.6,PSD,RJ,Renan Ferreirinha,0.00017933579684085836
178989,306,101.2,944883.77,PODE,SP,Renata Abreu,0.00010710312020704939
153423,265,84.4,1228531.17,MDB,PA,Renilce Nicodemos,6.869992561930684e-05
73801,141,42.2,905125.6,PCdoB,PE,Renildo Calheiros,4.6623363652514084e-05
175765,3,0.0,88999.05,PSD,SP,Ribamar Silva,0.0
221329,50,20.2,226059.53,UNIÃO,RJ,Ricardo Abrão,8.935699370869256e-05
220543,809,145.6,1108316.17,REPUBLICANOS,TO,Ricardo Ayres,0.00013137045541796976
73788,2,0.0,33581.43,PP,PR,Ricardo Barros,0.0
204362,24,7.800000000000001,328273.89,PL,SC,Ricardo Guidi,2.3760646940272955e-05
220694,62,25.8,1017178.62,MDB,BA,Ricardo Maia,2.536427672850615e-05
220633,307,87.8,1112520.14,NOVO,SP,Ricardo Salles,7.891991959803981e-05
213274,216,74.10000000000001,802784.8,PSD,SP,Ricardo Silva,9.23036908521437e-05
204489,9,2.6,463390.64,PDT,CE,Robério Monteiro,5.610816826166364e-06
220693,165,51.300000000000004,997017.36,PL,BA,Roberta Roma,5.14534671693179e-05
220588,335,102.5,1074963.91,REPUBLICANOS,AC,Roberto Duarte,9.535203837680468e-05
220613,241,78.4,966608.53,PL,RJ,Roberto Monteiro Pai,8.110832624247585e-05
220624,64,22.400000000000002,937723.89,PL,RN,Robinson Faria,2.3887628585425078e-05
220546,379,120.0,1143793.06,PL,MS,Rodolfo Nogueira,0.00010491408297231669
230767,29,0.0,88143.89,PL,MT,Rodrigo da Zaeli,0.0
141531,101,36.9,988190.1,UNIÃO,MG,Rodrigo de Castro,3.734099339793022e-05
223128,98,36.7,913547.72,PSD,PR,Rodrigo Estacho,4.017305193427663e-05
220641,202,62.6,926330.34,PODE,SP,Rodrigo Gambale,6.757848393479155e-05
165470,644,133.8,1087090.39,UNIÃO,SE,Rodrigo Valadares,0.0001230808415112565
220695,1069,211.20000000000002,1120542.08,REPUBLICANOS,BA,Rogéria Santos,0.0001884802041526187
204480,377,90.3,1082419.41,PT,MG,Rogério Correia,8.342422462657059e-05
160629,390,138.0,876230.88,PODE,PB,Romero Rodrigues,0.00015749273753054674
163321,56,25.9,620351.57,REPUBLICANOS,RS,Ronaldo Nogueira,4.1750518983936804e-05
204525,180,67.0,958610.24,PL,SP,Rosana Valle,6.989284821326341e-05
178945,1,1.0,42830.04,REPUBLICANOS,RJ,Rosangela Gomes,2.334809867093283e-05
220644,480,137.3,838762.77,UNIÃO,SP,Rosangela Moro,0.00016369348391560108
220620,132,46.7,1034751.38,PL,MG,Rosângela Reis,4.513161412744384e-05
73806,59,11.200000000000001,830195.44,MDB,MA,Roseana Sarney,1.3490799226745936e-05
74371,152,43.6,1073349.7,PT,GO,Rubens Otoni,4.0620498612893826e-05
178887,672,84.0,1181421.96,PT,MA,Rubens Pereira Júnior,7.110076064609465e-05
73604,91,30.200000000000003,878349.78,PT,SP,Rui Falcão,3.4382657897403924e-05
160635,147,53.300000000000004,1029564.99,PODE,PB,Ruy Carneiro,5.176943710955051e-05
204535,1478,176.70000000000002,928585.07,PSOL,SP,Sâmia Bomfim,0.00019028951219299706
220631,131,50.1,1072052.03,REPUBLICANOS,MG,Samuel Viana,4.673280642918049e-05
204416,464,135.3,1166001.95,PL,RS,Sanderson,0.00011603754178970285
160621,2,1.4,131133.32,PSD,PR,Sandro Alex,1.0676157669156854e-05
204387,428,130.6,530226.0,PSD,PR,Sargento Fahur,0.00024631006401044085
220621,365,115.4,793577.91,PL,RN,Sargento Gonçalves,0.00014541735417005245
220618,2962,979.4000000000001,898497.41,PODE,RJ,Sargento Portugal,0.0010900420959477225
220713,1149,636.1999999999999,1153986.66,UNIÃO,AM,Saullo Vianna,0.0005513061996747865
226837,74,25.900000000000002,649304.64,PSD,SP,Saulo Pedroso,3.988882629885411e-05
178933,163,34.7,1085949.66,MDB,PR,Sergio Souza,3.195359902778551e-05
204557,299,58.2,1228799.79,PSD,AM,Sidney Leite,4.736328934431214e-05
74356,641,246.79999999999998,1172100.22,REPUBLICANOS,AM,Silas Câmara,0.0002105621991948777
204360,280,95.5,1263827.21,PP,RO,Silvia Cristina,7.556412715627479e-05
220579,575,181.5,1228868.71,PL,AP,Silvia Waiãpi,0.00014769681945925696
227310,17,3.0,175163.24,PL,MA,Silvio Antonio,1.7126881188084898e-05
204425,120,30.400000000000002,354767.76,REPUBLICANOS,PE,Silvio Costa Filho,8.568986088251087e-05
220569,431,113.10000000000001,740201.27,UNIÃO,GO,Silvye Alves,0.00015279627931467883
220651,135,45.8,1044063.4,MDB,SP,Simone Marquetto,4.386706784281491e-05
104552,522,119.5,1132291.18,PP,AC,Socorro Neri,0.00010553822383390817
220575,147,52.6,1261912.04,PL,AP,Sonize Barbosa,4.168277846053359e-05
178946,169,49.2,607874.62,PL,RJ,Soraya Santos,8.093774337872505e-05
178947,780,154.5,1056350.74,PL,RJ,Sóstenes Cavalcante,0.00014625823994784157
92776,74,27.6,1102481.78,PSD,MG,Stefano Aguiar,2.5034427326318263e-05
204534,452,145.6,1085066.77,PSB,SP,Tabata Amaral,0.00013418529073561068
230177,20,8.4,169925.68,PL,CE,Tadeu Oliveira,4.9433375814650266e-05
220682,341,73.2,1035410.12,PT,PR,Tadeu Veneri,7.069662405849385e-05
204464,586,126.7,1003509.33,PSOL,RJ,Talíria Petrone,0.00012625692279313438
220598,755,120.2,910769.35,PSOL,RJ,Tarcísio Motta,0.0001319763340740441
220560,148,46.1,966694.62,PP,SE,Thiago de Joaldo,4.768827615902114e-05
220597,175,62.0,1052375.77,REPUBLICANOS,RO,Thiago Flores,5.891431726901124e-05
220684,268,83.5,1098462.1,PP,PR,Tião Medeiros,7.601536730306853e-05
160976,74,32.2,955032.59,PL,SP,Tiririca,3.371612690201494e-05
178934,230,72.60000000000001,1148720.15,PP,PR,Toninho Wandscheer,6.320077174584254e-05
157130,1193,117.8,915292.57,REDE,PE,Túlio Gadêlha,0.00012870201710476028
223398,19,9.4,147224.41,MDB,MG,Ulisses Guimarães,6.38481077967981e-05
160610,764,84.3,1152052.75,PT,BA,Valmir Assunção,7.317373271319391e-05
74376,210,72.60000000000001,1151804.82,PT,MS,Vander Loubet,6.303151257866763e-05
204396,192,61.800000000000004,1196546.24,PL,PR,Vermelho,5.1648651706097044e-05
74283,203,60.6,877051.57,PT,SP,Vicentinho,6.909513884115162e-05
137070,248,86.10000000000001,849716.51,PP,TO,Vicentinho Júnior,0.00010132791229394849
141555,394,98.2,1017344.85,REPUBLICANOS,SP,Vinicius Carvalho,9.652577491300025e-05
160591,25,9.5,1263113.2,PL,AP,Vinicius Gurgel,7.5210994549023796e-06
178992,287,77.8,1077868.02,PSDB,SP,Vitor Lippi,7.217952342625399e-05
91228,248,68.0,1179971.03,AVANTE,PE,Waldemar Oliveira,5.7628533473402305e-05
160569,233,55.0,1116528.59,PT,BA,Waldenor Pereira,4.925982235707909e-05
220601,195,72.60000000000001,929911.23,PT,RJ,Washington Quaquá,7.807196822432181e-05
160518,220,67.10000000000001,977156.69,SOLIDARIEDADE,MG,Weliton Prado,6.866861854059456e-05
74043,134,41.5,1149968.6,PL,PB,Wellington Roberto,3.608794187945653e-05
224333,239,72.60000000000001,944192.72,PT,PR,Welter,7.689108215111e-05
74044,188,72.8,1064483.79,REPUBLICANOS,PB,Wilson Santiago,6.838995641258192e-05
182146,12,8.4,205410.03,SOLIDARIEDADE,MA,Wolmer Araújo,4.089381613935795e-05
220564,288,85.60000000000001,823145.44,UNIÃO,SE,Yandra Moura,0.00010399134325520897
220660,138,57.4,931637.35,MDB,CE,Yury do Paredão,6.161195662668526e-05
230768,5,0.0,35055.8,PP,AC,Zé Adriano,0.0
220536,310,78.5,1315795.44,PSD,RR,Zé Haroldo Cathedral,5.9659729478922654e-05
204559,199,64.60000000000001,917648.05,PT,BA,Zé Neto,7.039735985926195e-05
160632,186,67.5,1025401.47,SOLIDARIEDADE,MG,Zé Silva,6.582787520287054e-05
220558,582,158.0,1181140.94,PL,SC,Zé Trovão,0.00013376896410008445
204517,304,94.7,1076060.58,PL,MG,Zé Vitor,8.800619756928554e-05
160592,615,128.3,1127958.3,PT,PR,Zeca Dirceu,0.0001137453396991715
220592,185,66.2,1148812.07,PP,AC,Zezinho Barbary,5.7624742748394e-05
220552,814,135.3,729156.27,PL,RS,Zucco,0.00018555693143803043
178836,3,0.8999999999999999,43728.12,UNIÃO,AC,Alan Rick,2.0581721784517603e-05
74459,1,0.3,27418.39,PP,PI,Átila Lira,1.0941561484828247e-05
141335,1,0.0,42540.520000000004,PT,PA,Beto Faro,0.0
93083,1,0.0,27816.79,PP,BA,Cacá Leão,0.0
141422,2,0.3,40574.88,UNIÃO,PB,Efraim Filho,7.393737208834629e-06
151208,3,0.3,17378.12,PP,SE,Laercio Oliveira,1.726308714636566e-05
178879,1,0.0,32856.49,SOLIDARIEDADE,GO,Lucas Vergilio,0.0
160639,1,0.0,32687.920000000002,UNIÃO,TO,Professora Dorinha Seabra Rezende,0.0
178925,1,0.3,7127.28,PT,PI,Rejane Dias,4.209179378388389e-05
204530,1,0.0,15100.61,PSB,SP,Rodrigo Agostinho,0.0
178901,2,0.6,29496.96,PP,MS,Tereza Cristina,2.03410792162989e-05
