id_deputado,total_proposicoes,indice_produtividade,total_gastos,siglaPartido,siglaUf,nomeCivil,ranking_gastos,ranking_produtividade,pontuacao_final,ranking_final
220593,412.0,94.4,760830.11,PL,MT,Abilio Brunini,225.0,146.0,371.0,79.0
204379,189.0,71.0,975825.04,MDB,AP,Acácio Favacho,455.0,215.0,670.0,274.0
220714,219.0,101.4,1166795.6300000001,REPUBLICANOS,AM,Adail Filho,598.0,122.0,720.0,305.0
221328,226.0,80.8,961913.0999999999,PL,SP,Adilson Barroso,433.0,185.0,618.0,241.0
204560,248.0,50.0,806722.5,PSDB,BA,Adolfo Viana,257.0,307.0,564.0,203.0
204528,1458.0,340.8,93943.41999999998,NOVO,SP,Adriana Ventura,37.0,8.0,45.0,2.0
121948,239.0,63.2,1048752.57,PP,GO,Adriano do Baldy,538.0,252.0,790.0,337.0
74646,26.0,11.200000000000001,858059.6399999999,PSDB,MG,Aécio Neves,300.0,444.0,744.0,318.0
136811,224.0,95.9,1057369.4,PP,RS,Afonso Hamm,546.0,139.0,685.0,285.0
178835,570.0,74.2,966178.35,PDT,RS,Afonso Motta,440.0,205.0,645.0,262.0
160527,48.0,12.0,844716.0,PP,PB,Aguinaldo Ribeiro,287.0,442.0,729.0,308.0
204495,293.0,82.5,924942.9299999999,PT,PA,Airton Faleiro,378.0,178.0,556.0,199.0
204549,40.0,10.8,609502.51,PP,CE,AJ Albuquerque,157.0,446.0,603.0,232.0
73579,563.0,222.1,880785.01,PL,DF,Alberto Fraga,322.0,23.0,345.0,63.0
74696,84.0,37.8,633787.5,MDB,SP,Alberto Mourão,161.0,357.0,518.0,168.0
220538,476.0,157.8,1187646.92,REPUBLICANOS,RR,Albuquerque,601.0,40.0,641.0,258.0
160559,225.0,75.4,959498.2700000001,MDB,RS,Alceu Moreira,428.0,201.0,629.0,250.0
204501,655.0,70.4,976780.52,PT,SP,Alencar Santana,457.0,217.0,674.0,276.0
178972,201.0,47.2,519186.9,CIDADANIA,SP,Alex Manente,136.0,321.0,457.0,120.0
204571,76.0,26.7,755221.57,REPUBLICANOS,BA,Alex Santana,220.0,395.0,615.0,239.0
220542,297.0,100.10000000000001,1093813.79,MDB,TO,Alexandre Guimarães,576.0,127.0,703.0,295.0
160545,45.0,19.0,447413.7200000001,UNIÃO,SP,Alexandre Leite,119.0,424.0,543.0,190.0
220554,315.0,113.0,732525.76,PT,RS,Alexandre Lindenmeyer,210.0,103.0,313.0,44.0
221148,270.0,67.2,855719.39,PT,SP,Alfredinho,297.0,231.0,528.0,177.0
220576,566.0,124.0,787681.19,UNIÃO,AL,Alfredo Gaspar,241.0,76.0,317.0,47.0
74057,318.0,76.60000000000001,991246.2299999999,PCdoB,BA,Alice Portugal,477.0,197.0,674.0,276.0
178927,103.0,34.9,870346.7999999999,PV,PR,Aliel Machado,315.0,366.0,681.0,281.0
226708,289.0,64.3,639928.24,PP,MA,Allan Garcês,167.0,248.0,415.0,98.0
178937,3354.0,219.20000000000002,669167.13,PL,RJ,Altineu Côrtes,183.0,25.0,208.0,18.0
178881,224.0,60.300000000000004,799556.4,REPUBLICANOS,MA,Aluisio Mendes,249.0,265.0,514.0,165.0
220596,177.0,56.1,566306.5499999999,PL,MT,Amália Barros,149.0,283.0,432.0,109.0
220707,180.0,54.800000000000004,887369.75,PP,MA,Amanda Gentil,331.0,288.0,619.0,242.0
204356,146.0,40.7,1029985.42,REPUBLICANOS,ES,Amaro Neto,521.0,348.0,869.0,372.0
220715,2477.0,754.0,2857.16,CIDADANIA,AM,Amom Mandel,4.0,2.0,6.0,1.0
107970,176.0,44.800000000000004,993575.8899999999,PP,MG,Ana Paula Leão,482.0,334.0,816.0,350.0
220556,424.0,93.60000000000001,952479.9,PT,SC,Ana Paula Lima,416.0,148.0,564.0,203.0
220632,347.0,97.5,832897.8500000001,PT,MG,Ana Pimentel,272.0,135.0,407.0,92.0
220657,246.0,96.4,387385.82000000007,PL,CE,André Fernandes,111.0,138.0,249.0,30.0
204423,184.0,65.7,1160713.44,PL,PE,André Ferreira,597.0,240.0,837.0,361.0
133439,687.0,164.70000000000002,879946.7799999999,PDT,CE,André Figueiredo,321.0,37.0,358.0,69.0
178882,56.0,8.5,72651.94,PP,MA,André Fufuca,30.0,454.0,484.0,136.0
204515,52.0,22.0,943444.5700000001,AVANTE,MG,André Janones,403.0,413.0,816.0,350.0
220676,261.0,70.0,550712.9,MDB,PA,Andreia Siqueira,145.0,219.0,364.0,73.0
123756,261.0,96.5,997882.1500000001,REPUBLICANOS,AC,Antônia Lúcia,487.0,137.0,624.0,245.0
220544,60.0,20.1,1125110.58,REPUBLICANOS,TO,Antonio Andrade,587.0,418.0,1005.0,397.0
160553,586.0,140.8,859876.3200000001,PSD,BA,Antonio Brito,303.0,50.0,353.0,67.0
220638,182.0,61.7,756044.33,PL,SP,Antonio Carlos Rodrigues,222.0,258.0,480.0,132.0
220675,48.0,11.200000000000001,921674.2400000001,MDB,PA,Antônio Doido,373.0,444.0,817.0,351.0
220549,308.0,109.7,437979.81000000006,CIDADANIA,RS,Any Ortiz,116.0,108.0,224.0,24.0
73433,163.0,29.6,725969.0599999999,PT,SP,Arlindo Chinaglia,206.0,387.0,593.0,223.0
141391,219.0,52.800000000000004,874448.97,CIDADANIA,SP,Arnaldo Jardim,316.0,294.0,610.0,236.0
160541,4.0,0.4,129446.67,PP,AL,Arthur Lira,51.0,483.0,534.0,183.0
160600,205.0,44.6,1042890.9799999999,UNIÃO,BA,Arthur Oliveira Maia,535.0,335.0,870.0,373.0
74090,79.0,34.4,899643.1200000001,PSD,AM,Átila Lins,346.0,369.0,715.0,301.0
123086,115.0,30.1,984828.0800000001,PP,PI,Átila Lira,469.0,385.0,854.0,368.0
160665,264.0,65.9,1089348.18,REPUBLICANOS,PE,Augusto Coutinho,573.0,238.0,811.0,349.0
220577,207.0,69.2,955274.8799999999,MDB,AP,Augusto Puppio,423.0,222.0,645.0,262.0
160512,1082.0,243.0,561055.23,SOLIDARIEDADE,RJ,Aureo Ribeiro,147.0,17.0,164.0,7.0
69871,494.0,104.7,984814.21,PV,BA,Bacelar,468.0,115.0,583.0,215.0
178975,62.0,20.2,654785.57,MDB,SP,Baleia Rossi,175.0,417.0,592.0,222.0
220605,214.0,78.10000000000001,654589.06,PSB,RJ,Bandeira de Mello,174.0,191.0,365.0,74.0
220612,214.0,70.2,957163.3700000001,PP,RJ,Bebeto,425.0,218.0,643.0,260.0
73701,314.0,78.4,843812.18,PT,RJ,Benedita da Silva,285.0,190.0,475.0,128.0
109429,234.0,61.0,997742.37,UNIÃO,RN,Benes Leocádio,486.0,262.0,748.0,320.0
204358,126.0,42.1,1138251.77,PSDB,MS,Beto Pereira,590.0,345.0,935.0,392.0
220698,26.0,8.1,240555.92000000004,PSD,PR,Beto Preto,92.0,457.0,549.0,193.0
220683,150.0,57.0,805592.8,PSDB,PR,Beto Richa,255.0,281.0,536.0,185.0
204374,685.0,139.1,838406.87,PL,DF,Bia Kicis,277.0,52.0,329.0,53.0
204388,435.0,140.6,1104811.81,PL,RS,Bibo Nunes,583.0,51.0,634.0,253.0
160538,251.0,54.800000000000004,1072597.78,PT,RS,Bohn Gass,564.0,288.0,852.0,367.0
74052,1.0,0.4,147406.4,PL,SE,Bosco Costa,59.0,483.0,542.0,189.0
210989,243.0,74.2,890688.9,AVANTE,MG,Bruno Farias,335.0,205.0,540.0,188.0
220635,270.0,97.2,677040.37,PODE,SP,Bruno Ganem,190.0,136.0,326.0,51.0
220574,926.0,317.6,993152.8999999999,PL,PB,Cabo Gilberto Silva,481.0,10.0,491.0,142.0
143942,128.0,50.800000000000004,160805.40000000002,PSD,RJ,Caio Vianna,64.0,302.0,366.0,75.0
220548,504.0,146.0,1038887.65,PT,MS,Camila Jara,530.0,48.0,578.0,211.0
204572,2334.0,413.5,652802.54,PL,AM,Capitão Alberto Neto,173.0,6.0,179.0,10.0
220690,612.0,127.5,953435.5799999998,PL,BA,Capitão Alden,419.0,73.0,492.0,143.0
178829,238.0,81.7,1087684.64,PL,SP,Capitão Augusto,572.0,181.0,753.0,323.0
229069,11.0,6.0,166368.57,PP,SE,Capitão Samuel,68.0,466.0,534.0,183.0
229106,82.0,36.4,98934.51,PT,SC,Carla Ayres,40.0,362.0,402.0,88.0
213762,29.0,0.0,45088.21000000001,UNIÃO,RN,Carla Dickson,24.0,485.0,509.0,160.0
204507,270.0,109.3,900636.83,PL,SP,Carla Zambelli,347.0,110.0,457.0,120.0
204361,197.0,68.0,477156.94999999995,MDB,SC,Carlos Chiodini,125.0,227.0,352.0,66.0
178962,67.0,25.200000000000003,185945.47,REPUBLICANOS,RS,Carlos Gomes,80.0,400.0,480.0,132.0
178993,256.0,92.0,1050806.38,UNIÃO,TO,Carlos Henrique Gaguim,541.0,153.0,694.0,290.0
204460,285.0,57.300000000000004,684606.07,PL,RJ,Carlos Jordy,196.0,279.0,475.0,128.0
74262,78.0,28.3,764709.1800000002,PSD,SP,Carlos Sampaio,230.0,391.0,621.0,243.0
204426,474.0,81.4,1057494.9900000002,PT,PE,Carlos Veras,547.0,183.0,730.0,309.0
141398,155.0,53.5,1012538.49,PT,SP,Carlos Zarattini,504.0,291.0,795.0,340.0
164360,41.0,14.4,107414.65999999999,CIDADANIA,SC,Carmen Zanotto,43.0,435.0,478.0,130.0
220704,363.0,95.2,842488.96,PT,PR,Carol Dartora,284.0,143.0,427.0,106.0
204369,416.0,89.10000000000001,238886.38,PL,SC,Caroline de Toni,90.0,163.0,253.0,32.0
220699,95.0,26.8,824496.75,PSD,PI,Castro Neto,268.0,394.0,662.0,269.0
206018,1274.0,133.4,840326.0699999998,PSOL,MG,Célia Xakriabá,280.0,64.0,344.0,62.0
178876,149.0,46.4,874870.16,MDB,GO,Célio Silveira,317.0,325.0,642.0,259.0
204488,228.0,102.9,929023.5199999999,PSD,CE,Célio Studart,386.0,118.0,504.0,155.0
73441,231.0,68.8,324843.68,REPUBLICANOS,SP,Celso Russomanno,99.0,224.0,323.0,49.0
204496,50.0,22.7,221634.83000000002,UNIÃO,PA,Celso Sabino,86.0,409.0,495.0,146.0
204504,330.0,74.0,991420.9700000001,PSD,SP,Cezinha de Madureira,478.0,207.0,685.0,285.0
205476,67.0,29.200000000000003,1057572.22,PSD,BA,Charles Fernandes,548.0,388.0,936.0,393.0
74171,1676.0,101.10000000000001,856901.63,PSOL,RJ,Chico Alencar,298.0,125.0,423.0,103.0
204476,135.0,52.0,347351.94999999995,S.PART.,RJ,Chiquinho Brazão,104.0,297.0,401.0,87.0
204462,1130.0,121.5,410780.14999999997,PL,RJ,Chris Tonietto,114.0,77.0,191.0,14.0
220665,229.0,60.800000000000004,630686.96,PP,PE,Clarissa Tércio,160.0,263.0,423.0,103.0
74537,108.0,32.6,840111.89,PP,BA,Claudio Cajado,279.0,374.0,653.0,265.0
141408,321.0,92.4,1139500.6300000001,MDB,MA,Cleber Verde,592.0,152.0,744.0,318.0
88256,242.0,105.60000000000001,986993.3500000001,PV,PE,Clodoaldo Magalhães,472.0,112.0,584.0,216.0
98148,432.0,116.4,665265.52,MDB,SC,Cobalchini,180.0,96.0,276.0,37.0
220594,352.0,89.7,961799.7899999999,UNIÃO,MT,Coronel Assis,432.0,162.0,594.0,224.0
204378,438.0,125.0,1116087.22,PL,RO,Coronel Chrisóstomo,585.0,75.0,660.0,268.0
220595,518.0,137.6,916703.54,PL,MT,Coronel Fernanda,366.0,56.0,422.0,102.0
220666,635.0,130.20000000000002,996104.54,PL,PE,Coronel Meira,485.0,68.0,553.0,196.0
222142,262.0,95.7,680816.8400000001,PP,SP,Coronel Telhada,193.0,140.0,333.0,57.0
220590,305.0,91.8,1035467.7699999999,UNIÃO,AC,Coronel Ulysses,524.0,155.0,679.0,279.0
178963,267.0,74.8,1092229.97,PP,RS,Covatti Filho,575.0,203.0,778.0,334.0
220608,298.0,116.7,1061879.2599999998,UNIÃO,RO,Cristiane Lopes,555.0,94.0,649.0,264.0
204355,145.0,58.4,808556.6799999999,PP,ES,Da Vitoria,258.0,271.0,529.0,178.0
141411,129.0,48.6,1099677.0999999999,PSDB,MS,Dagoberto Nogueira,581.0,316.0,897.0,383.0
220555,459.0,107.60000000000001,1065430.24,PCdoB,RS,Daiana Santos,557.0,111.0,668.0,273.0
220692,71.0,29.200000000000003,1036005.8099999999,UNIÃO,BA,Dal Barreto,525.0,388.0,913.0,387.0
74467,90.0,34.6,915364.1499999999,UNIÃO,PB,Damião Feliciano,365.0,368.0,733.0,310.0
220629,328.0,68.2,719853.99,PT,MG,Dandara,203.0,225.0,428.0,107.0
220603,176.0,36.9,952716.89,UNIÃO,RJ,Dani Cunha,417.0,359.0,776.0,332.0
220571,366.0,102.0,345904.6,PL,GO,Daniel Agrobom,103.0,120.0,223.0,23.0
74060,261.0,63.400000000000006,1097986.48,PCdoB,BA,Daniel Almeida,579.0,251.0,830.0,358.0
220582,71.0,23.400000000000002,1023030.58,PP,AL,Daniel Barbosa,514.0,406.0,920.0,391.0
204367,167.0,64.9,889982.2899999999,PL,SC,Daniel Freitas,334.0,246.0,580.0,213.0
228941,29.0,9.8,97985.31,PODE,SP,Daniel José,39.0,448.0,487.0,139.0
204409,118.0,46.6,1003456.74,PSDB,RS,Daniel Trzeciak,497.0,324.0,821.0,353.0
204459,94.0,22.0,441016.07999999996,UNIÃO,RJ,Daniela do Waguinho,118.0,413.0,531.0,180.0
220557,486.0,112.4,885524.8299999998,PL,SC,Daniela Reinehr,327.0,104.0,431.0,108.0
62881,261.0,85.9,1103226.8900000001,UNIÃO,CE,Danilo Forte,582.0,171.0,753.0,323.0
160552,4.0,0.0,131074.65000000002,PSD,RS,Danrlei de Deus Hinterholz,52.0,485.0,537.0,186.0
116379,156.0,40.5,568794.9,PSD,SC,Darci de Matos,150.0,349.0,499.0,150.0
204511,290.0,91.3,922973.94,UNIÃO,SP,David Soares,376.0,156.0,532.0,181.0
220659,538.0,169.8,888398.81,UNIÃO,CE,Dayany Bittencourt,332.0,35.0,367.0,76.0
220539,332.0,90.7,1071883.58,REPUBLICANOS,RR,Defensor Stélio Dener,563.0,157.0,720.0,305.0
220565,181.0,66.0,796656.93,PT,GO,Delegada Adriana Accorsi,247.0,237.0,484.0,136.0
220625,304.0,101.3,929801.51,AVANTE,MG,Delegada Ione,388.0,123.0,511.0,162.0
220561,278.0,50.4,967669.3700000001,PSD,SE,Delegada Katarina,441.0,304.0,745.0,319.0
220642,102.0,44.6,182169.16,PP,SP,Delegado Bruno Lima,78.0,335.0,413.0,96.0
220673,465.0,176.5,395035.8,PL,PA,Delegado Caveira,113.0,33.0,146.0,5.0
220649,156.0,50.2,879631.15,PP,SP,Delegado da Cunha,320.0,305.0,625.0,246.0
178908,245.0,63.800000000000004,1085865.69,PL,PA,Delegado Éder Mauro,569.0,250.0,819.0,352.0
220583,280.0,98.3,1040777.31,PP,AL,Delegado Fabio Costa,532.0,132.0,664.0,271.0
204512,218.0,67.9,1013986.79,UNIÃO,MG,Delegado Marcelo Freitas,507.0,228.0,735.0,312.0
220701,284.0,77.10000000000001,1055652.41,UNIÃO,PR,Delegado Matheus Laiola,544.0,195.0,739.0,314.0
220652,244.0,90.1,913782.57,MDB,SP,Delegado Palumbo,362.0,160.0,522.0,172.0
220654,2326.0,313.3,833831.74,PL,SP,Delegado Paulo Bilynskyj,273.0,11.0,284.0,38.0
220619,386.0,95.60000000000001,666577.56,PL,RJ,Delegado Ramagem,181.0,141.0,322.0,48.0
228272,5.0,3.4,71574.58,PDT,MG,Délio Pinheiro,29.0,473.0,502.0,153.0
220705,48.0,20.5,97927.5,PODE,PR,Deltan Dallagnol,38.0,416.0,454.0,119.0
220553,353.0,98.3,942843.18,PT,RS,Denise Pessôa,400.0,132.0,532.0,181.0
220689,56.0,16.6,867961.5299999999,PL,MA,Detinha,313.0,428.0,741.0,315.0
160588,100.0,30.1,804098.8899999999,PSD,MG,Diego Andrade,254.0,385.0,639.0,256.0
220691,278.0,76.60000000000001,822571.6599999999,PSD,BA,Diego Coronel,265.0,197.0,462.0,121.0
178929,762.0,114.8,906923.59,REPUBLICANOS,PR,Diego Garcia,352.0,99.0,451.0,118.0
73768,93.0,36.5,1061596.19,PP,PR,Dilceu Sperafico,554.0,361.0,915.0,388.0
220671,271.0,31.8,1049986.6400000001,PT,PA,Dilvanda Faro,540.0,378.0,918.0,390.0
160599,52.0,25.2,829244.25,PP,MG,Dimas Fabiano,270.0,401.0,671.0,275.0
220602,189.0,65.3,867045.4099999999,PT,RJ,Dimas Gadelha,311.0,243.0,554.0,197.0
143632,183.0,75.6,1059487.52,PSD,CE,Domingos Neto,549.0,200.0,749.0,321.0
160758,279.0,90.3,1010319.51,PL,MG,Domingos Sávio,501.0,159.0,660.0,268.0
220573,296.0,80.4,945005.3099999999,PDT,AP,Dorinaldo Malafaia,405.0,186.0,591.0,221.0
227433,135.0,45.2,437021.54000000004,UNIÃO,SP,Douglas Viegas,115.0,331.0,446.0,116.0
204450,566.0,148.5,353790.85,PP,RJ,Doutor Luizinho,106.0,46.0,152.0,6.0
227401,8.0,5.6,180791.55,UNIÃO,AC,Dr Fabio Rueda,75.0,468.0,543.0,190.0
227991,13.0,4.0,136374.0,PL,RJ,Dr Flávio,57.0,472.0,529.0,178.0
221339,81.0,24.400000000000002,962040.41,UNIÃO,MA,Dr. Benjamim,435.0,404.0,839.0,362.0
220614,43.0,23.0,240455.08,PSD,RJ,Dr. Daniel Soranz,91.0,407.0,498.0,149.0
220610,316.0,133.70000000000002,1042669.5399999999,UNIÃO,RO,Dr. Fernando Máximo,534.0,63.0,597.0,227.0
220688,166.0,64.0,1071145.09,PT,PI,Dr. Francisco,562.0,249.0,811.0,349.0
204518,431.0,120.7,1001967.5599999999,PRD,MG,Dr. Frederico,492.0,78.0,570.0,206.0
212625,3.0,1.2000000000000002,0.5199999999999818,PODE,MA,Dr. Gonçalo,1.0,479.0,480.0,132.0
220570,176.0,45.9,987685.17,PSD,GO,Dr. Ismael Alexandrino,473.0,327.0,800.0,344.0
204481,126.0,28.8,821294.76,PL,CE,Dr. Jaziel,264.0,390.0,654.0,266.0
204351,231.0,74.2,1054993.91,PP,MS,Dr. Luiz Ovando,543.0,205.0,748.0,320.0
228616,20.0,4.6,173594.61,PP,MA,Dr. Remy Soares,72.0,471.0,543.0,190.0
220528,380.0,84.0,907600.1,PODE,ES,Dr. Victor Linhalis,353.0,176.0,529.0,178.0
204412,537.0,151.6,973648.5599999999,UNIÃO,GO,Dr. Zacharias Calil,452.0,43.0,495.0,146.0
220674,155.0,65.2,825067.7699999999,MDB,PA,Dra. Alessandra Haber,269.0,244.0,513.0,164.0
230088,19.0,8.2,75713.69,PL,CE,Dra. Mayra Pinheiro,31.0,456.0,487.0,139.0
227800,25.0,7.6000000000000005,42516.369999999995,REPUBLICANOS,MG,Duarte Gonçalves Jr,23.0,460.0,483.0,135.0
220686,824.0,230.1,755885.6399999999,PSB,MA,Duarte Jr.,221.0,20.0,241.0,28.0
220540,584.0,197.8,969901.44,MDB,RR,Duda Ramos,444.0,27.0,471.0,126.0
220623,463.0,148.1,633838.65,PDT,MG,Duda Salabert,162.0,47.0,209.0,19.0
204541,290.0,65.0,756468.76,PDT,CE,Eduardo Bismarck,223.0,245.0,468.0,124.0
92346,391.0,89.10000000000001,635218.23,PL,SP,Eduardo Bolsonaro,164.0,163.0,327.0,52.0
141421,130.0,56.4,1023175.76,PP,PE,Eduardo da Fonte,515.0,282.0,797.0,342.0
220589,176.0,69.0,982915.7200000001,UNIÃO,AC,Eduardo Velloso,467.0,223.0,690.0,288.0
74075,107.0,35.4,472200.04999999993,MDB,PA,Elcione Barbalho,124.0,365.0,489.0,141.0
204364,111.0,34.6,920357.99,PL,TO,Eli Borges,371.0,368.0,739.0,314.0
226553,9.0,5.2,106820.63,PSD,CE,Eliane Braz,42.0,470.0,512.0,163.0
229585,33.0,8.0,131695.95,PT,BA,Elisangela Araujo,53.0,458.0,511.0,162.0
220008,38.0,13.6,124948.66999999998,PP,PB,Eliza Virgínia,47.0,436.0,483.0,135.0
178854,570.0,99.60000000000001,892373.5499999999,UNIÃO,BA,Elmar Nascimento,337.0,129.0,466.0,123.0
218086,63.0,26.8,678525.32,REPUBLICANOS,SP,Ely Santos,191.0,394.0,585.0,217.0
198783,150.0,57.800000000000004,813028.1599999999,MDB,MT,Emanuel Pinheiro Neto,260.0,274.0,534.0,183.0
161550,162.0,57.400000000000006,956614.86,PL,MG,Emidinho Madeira,424.0,277.0,701.0,293.0
225730,94.0,20.6,228073.22,PDT,CE,Enfermeira Ana Paula,87.0,415.0,502.0,153.0
230765,26.0,0.0,17370.09,PCdoB,RJ,Enfermeira Rejane,8.0,485.0,493.0,144.0
220663,331.0,110.80000000000001,1002921.06,PSB,PE,Eriberto Medeiros,494.0,107.0,601.0,231.0
220645,755.0,149.5,544123.54,PSOL,SP,Erika Hilton,142.0,45.0,187.0,12.0
160575,1155.0,211.20000000000002,922496.3,PT,DF,Erika Kokay,375.0,26.0,401.0,87.0
160640,171.0,55.300000000000004,726164.8400000001,PL,MG,Eros Biondini,207.0,286.0,493.0,144.0
204482,37.0,15.0,636029.16,REPUBLICANOS,MG,Euclydes Pettersen,165.0,433.0,598.0,228.0
74454,59.0,21.400000000000002,1241293.38,MDB,CE,Eunício Oliveira,605.0,414.0,1019.0,398.0
178871,1465.0,440.8,1032595.08,PP,ES,Evair Vieira de Melo,523.0,5.0,528.0,177.0
178905,22.0,6.6000000000000005,87694.62,UNIÃO,MT,Fabio Garcia,36.0,463.0,499.0,150.0
68720,16.0,10.6,162741.12,UNIÃO,SE,Fábio Henrique,66.0,447.0,513.0,164.0
220681,96.0,28.8,666877.53,PODE,MA,Fábio Macedo,182.0,390.0,572.0,207.0
171623,18.0,7.0,502820.77999999997,PSD,SE,Fabio Reis,132.0,462.0,594.0,224.0
204368,67.0,22.400000000000002,848705.72,UNIÃO,SC,Fabio Schiochet,290.0,410.0,700.0,292.0
220653,57.0,40.0,482334.60000000003,MDB,SP,Fábio Teruel,128.0,351.0,479.0,131.0
66828,262.0,88.9,949641.86,PP,SP,Fausto Pinato,413.0,164.0,577.0,210.0
220712,211.0,67.2,605013.33,UNIÃO,AM,Fausto Santos Jr.,156.0,231.0,387.0,85.0
220646,308.0,86.4,495032.82999999996,UNIÃO,SP,Felipe Becari,130.0,169.0,299.0,41.0
72442,332.0,117.3,464370.19000000006,PSB,PE,Felipe Carreras,121.0,92.0,213.0,20.0
204398,326.0,59.4,985380.6,UNIÃO,PR,Felipe Francischini,470.0,267.0,737.0,313.0
227370,20.0,16.6,133867.66,PRD,MG,Felipe Saliba,55.0,428.0,483.0,135.0
160666,276.0,90.0,903990.9600000001,PDT,BA,Félix Mendonça Júnior,350.0,161.0,511.0,162.0
204407,1151.0,158.0,806018.54,PSOL,RS,Fernanda Melchionna,256.0,39.0,295.0,40.0
220656,451.0,116.60000000000001,1069062.3,UNIÃO,CE,Fernanda Pessoa,559.0,95.0,654.0,266.0
141431,46.0,17.2,763601.4299999999,UNIÃO,PE,Fernando Coelho Filho,229.0,426.0,655.0,267.0
204445,173.0,44.1,896418.9500000001,PT,RN,Fernando Mineiro,344.0,338.0,682.0,282.0
92699,56.0,13.6,902982.97,PP,PE,Fernando Monteiro,349.0,436.0,785.0,335.0
204427,211.0,65.8,894969.12,PL,PE,Fernando Rodolfo,343.0,239.0,582.0,214.0
204411,172.0,51.300000000000004,883571.33,PL,PR,Filipe Barros,324.0,300.0,624.0,245.0
220545,246.0,74.5,1038143.14,PL,TO,Filipe Martins,529.0,204.0,733.0,310.0
160598,988.0,226.9,865067.5800000001,PDT,GO,Flávia Morais,310.0,22.0,332.0,56.0
225727,14.0,8.2,151919.72999999998,MDB,MT,Flavinha,61.0,456.0,517.0,167.0
191923,258.0,49.7,1175878.45,PT,PI,Flávio Nogueira,599.0,309.0,908.0,386.0
220700,349.0,77.9,861696.6399999999,PT,PI,Florentino Neto,306.0,192.0,498.0,149.0
220551,247.0,67.2,1036229.64,REPUBLICANOS,RS,Franciane Bayer,527.0,231.0,758.0,324.0
204494,221.0,64.9,722616.34,PRD,MG,Fred Costa,204.0,246.0,450.0,117.0
220534,534.0,166.70000000000002,939768.0,REPUBLICANOS,DF,Fred Linhares,398.0,36.0,434.0,110.0
224117,143.0,48.9,1217033.28,REPUBLICANOS,RR,Gabriel Mota,603.0,314.0,917.0,389.0
220708,77.0,22.8,1109400.43,PSD,BA,Gabriel Nunes,584.0,408.0,992.0,395.0
204473,367.0,120.4,1228028.2,PL,RN,General Girão,604.0,80.0,684.0,284.0
220611,295.0,95.2,768158.82,PL,RJ,General Pazuello,232.0,143.0,375.0,81.0
178966,108.0,31.7,673540.5399999999,PSDB,SC,Geovania de Sá,185.0,379.0,564.0,203.0
220702,179.0,76.10000000000001,761912.14,UNIÃO,PR,Geraldo Mendes,227.0,199.0,426.0,105.0
74374,333.0,99.3,1137910.85,PSDB,MS,Geraldo Resende,589.0,130.0,719.0,304.0
220587,142.0,65.8,1029310.06,PP,AC,Gerlen Diniz,519.0,239.0,758.0,324.0
204394,375.0,93.8,760417.22,PSB,PB,Gervásio Maia,224.0,147.0,371.0,79.0
74383,114.0,49.300000000000004,975948.79,PL,PR,Giacobo,456.0,312.0,768.0,328.0
204491,500.0,116.9,960470.5399999999,REPUBLICANOS,MG,Gilberto Abramo,430.0,93.0,523.0,173.0
74270,137.0,49.800000000000004,896675.3999999999,PSD,SP,Gilberto Nascimento,345.0,308.0,653.0,265.0
220529,1243.0,397.40000000000003,990152.5800000001,PODE,ES,Gilson Daniel,475.0,7.0,482.0,134.0
204365,4182.0,175.2,202011.19,NOVO,SC,Gilson Marques,83.0,34.0,117.0,3.0
220526,246.0,77.2,737201.46,PL,ES,Gilvan da Federal,212.0,194.0,406.0,91.0
220531,454.0,164.3,928479.31,REPUBLICANOS,DF,Gilvan Maximo,385.0,38.0,423.0,103.0
160673,230.0,80.3,1138271.2,PL,RS,Giovani Cherini,591.0,187.0,778.0,334.0
226179,195.0,33.2,536388.16,UNIÃO,MT,Gisela Simona,141.0,372.0,513.0,164.0
152605,253.0,76.10000000000001,748505.8500000001,PSOL,RJ,Glauber Braga,216.0,199.0,415.0,98.0
229333,13.0,5.4,135042.87,PL,MG,Gláucia Santiago,56.0,469.0,525.0,175.0
204419,89.0,32.0,1024387.2,PODE,GO,Glaustin da Fokus,517.0,377.0,894.0,381.0
107283,201.0,49.4,1061201.86,PT,PR,Gleisi Hoffmann,552.0,311.0,863.0,371.0
198197,114.0,45.7,649001.28,AVANTE,MG,Greyce Elias,171.0,330.0,501.0,152.0
220639,483.0,115.10000000000001,589080.47,PSOL,SP,Guilherme Boulos,152.0,98.0,250.0,31.0
204531,8.0,3.4,1757.4999999999998,PL,SP,Guilherme Derrite,2.0,473.0,475.0,128.0
220664,92.0,27.5,977495.6900000001,PSB,PE,Guilherme Uchoa,458.0,393.0,851.0,366.0
220568,896.0,255.5,794857.9,PL,GO,Gustavo Gayer,245.0,14.0,259.0,34.0
204408,59.0,19.2,900653.1499999999,REPUBLICANOS,SE,Gustinho Ribeiro,348.0,423.0,771.0,329.0
204456,123.0,53.800000000000004,762279.17,MDB,RJ,Gutemberg Reis,228.0,290.0,518.0,168.0
178964,267.0,91.9,972359.64,PSB,RS,Heitor Schuch,450.0,154.0,604.0,233.0
178873,775.0,101.9,665049.8,PT,ES,Helder Salomão,179.0,121.0,300.0,42.0
220537,177.0,47.9,1128821.29,MDB,RR,Helena Lima,588.0,318.0,906.0,385.0
178909,31.0,16.4,675240.61,UNIÃO,PA,Hélio Leite,187.0,430.0,617.0,240.0
204444,502.0,111.5,489268.45999999996,PL,RJ,Helio Lopes,129.0,105.0,234.0,26.0
220672,199.0,77.2,995179.37,MDB,PA,Henderson Pinto,483.0,194.0,677.0,278.0
227324,4.0,0.0,141491.88999999998,PL,MA,Henrique Júnior,58.0,485.0,543.0,190.0
204539,67.0,29.700000000000003,790620.87,MDB,MG,Hercílio Coelho Diniz,243.0,386.0,629.0,250.0
100689,12.0,8.8,149927.9,REPUBLICANOS,GO,Hildo do Candango,60.0,452.0,512.0,163.0
178884,42.0,12.2,186036.94999999998,MDB,MA,Hildo Rocha,81.0,441.0,522.0,172.0
141450,214.0,45.1,252968.0,PSD,RJ,Hugo Leal,93.0,332.0,425.0,104.0
160674,450.0,87.30000000000001,974797.73,REPUBLICANOS,PB,Hugo Motta,454.0,168.0,622.0,244.0
220563,257.0,82.5,705107.7999999999,PL,SE,Icaro de Valmir,199.0,178.0,377.0,82.0
204533,152.0,55.300000000000004,796314.65,PDT,CE,Idilvan Alencar,246.0,286.0,532.0,181.0
204508,46.0,14.8,919509.0900000001,PSD,MG,Igor Timo,370.0,434.0,804.0,345.0
98615,149.0,57.800000000000004,701464.17,PSD,SC,Ismael,198.0,274.0,472.0,127.0
204436,352.0,75.0,466433.92,MDB,AL,Isnaldo Bulhões Jr.,122.0,202.0,324.0,50.0
230764,1.0,0.0,81905.0,UNIÃO,MA,Ivan Junior,34.0,485.0,519.0,169.0
73531,251.0,66.3,626136.62,PSOL,SP,Ivan Valente,159.0,235.0,394.0,86.0
220696,107.0,35.800000000000004,960005.3,PT,BA,Ivoneide Caetano,429.0,364.0,793.0,339.0
220670,274.0,67.4,945833.0800000001,MDB,PE,Iza Arruda,407.0,230.0,637.0,255.0
220527,223.0,57.5,876561.63,PT,ES,Jack Rocha,319.0,276.0,595.0,225.0
220697,274.0,95.7,1008546.2599999999,REPUBLICANOS,PI,Jadyel Alencar,500.0,140.0,640.0,257.0
74848,314.0,55.7,680087.75,PCdoB,RJ,Jandira Feghali,192.0,284.0,476.0,129.0
220567,123.0,57.300000000000004,857658.2200000001,REPUBLICANOS,GO,Jeferson Rodrigues,299.0,279.0,578.0,211.0
74273,178.0,65.7,854173.02,PL,SP,Jefferson Campos,295.0,240.0,535.0,184.0
141456,200.0,51.4,990206.46,PT,SP,Jilmar Tatto,476.0,299.0,775.0,331.0
141458,132.0,51.1,860877.97,PL,BA,João Carlos Bacelar,305.0,301.0,606.0,235.0
230957,1.0,0.0,40827.17,MDB,SP,João Cury,22.0,485.0,507.0,158.0
178970,451.0,114.7,945686.8800000001,PT,SE,João Daniel,406.0,100.0,506.0,157.0
74550,80.0,29.0,968414.29,PP,BA,João Leão,443.0,389.0,832.0,359.0
141459,46.0,15.8,1160370.6300000001,PP,RN,João Maia,596.0,431.0,1027.0,399.0
178910,259.0,55.7,785278.3200000001,PL,PA,Joaquim Passarinho,240.0,284.0,524.0,174.0
160548,358.0,219.7,888722.59,PSB,SP,Jonas Donizette,333.0,24.0,357.0,68.0
217480,41.0,12.9,268384.48,PSD,RJ,Jones Moura,94.0,439.0,533.0,182.0
205550,100.0,19.400000000000002,949631.87,REPUBLICANOS,RJ,Jorge Braz,412.0,422.0,834.0,360.0
214694,342.0,92.9,771812.59,REPUBLICANOS,SC,Jorge Goetten,235.0,151.0,386.0,84.0
178857,539.0,117.80000000000001,938899.04,PT,BA,Jorge Solla,396.0,89.0,485.0,137.0
141464,132.0,40.800000000000004,908009.6399999999,PT,CE,José Airton Félix Cirilo,355.0,347.0,702.0,294.0
141470,418.0,104.9,955153.58,PT,CE,José Guimarães,422.0,114.0,536.0,185.0
204472,885.0,247.9,982894.1600000001,PL,MT,José Medeiros,466.0,15.0,481.0,133.0
204391,113.0,33.7,1018351.48,UNIÃO,GO,José Nelto,512.0,371.0,883.0,376.0
74079,67.0,27.6,391799.06000000006,MDB,PA,José Priante,112.0,392.0,504.0,155.0
74554,182.0,57.2,962545.04,UNIÃO,BA,José Rocha,436.0,280.0,716.0,302.0
209189,184.0,57.6,1079016.7,PT,BA,Joseildo Ramos,566.0,275.0,841.0,363.0
220578,363.0,57.6,965931.1799999999,PDT,AP,Josenildo,439.0,275.0,714.0,300.0
74141,91.0,24.8,952977.5800000001,PT,BA,Josias Gomes,418.0,403.0,821.0,353.0
204563,19.0,9.8,909183.99,PL,MA,Josimar Maranhãozinho,357.0,448.0,805.0,346.0
215043,118.0,47.6,951521.5100000001,PSD,MA,Josivaldo JP,414.0,320.0,734.0,311.0
204474,84.0,23.8,644792.6,MDB,MT,Juarez Costa,169.0,405.0,574.0,209.0
220559,1219.0,149.5,958488.9700000001,PL,SC,Julia Zanatta,427.0,45.0,472.0,127.0
220640,368.0,90.4,1002921.4500000001,PT,SP,Juliana Cardoso,495.0,158.0,653.0,265.0
228837,31.0,7.0,131844.31,MDB,MT,Juliana Kolankiewicz,54.0,462.0,516.0,166.0
66385,112.0,33.0,1015380.0700000001,PP,PI,Julio Arcoverde,511.0,373.0,884.0,377.0
74317,108.0,39.2,1031463.94,PSD,PI,Júlio Cesar,522.0,353.0,875.0,374.0
204372,215.0,40.2,478996.16000000003,REPUBLICANOS,DF,Julio Cesar Ribeiro,126.0,350.0,476.0,129.0
74253,404.0,128.70000000000002,958212.74,PP,RJ,Julio Lopes,426.0,71.0,497.0,148.0
228797,30.0,13.2,126069.00000000001,PP,TO,Júlio Oliveira,49.0,437.0,486.0,138.0
204457,195.0,100.60000000000001,936780.01,UNIÃO,RJ,Juninho do Pneu,394.0,126.0,520.0,170.0
204520,596.0,120.5,469050.27,PL,MG,Junio Amaral,123.0,79.0,202.0,16.0
204497,167.0,64.60000000000001,682354.19,PSD,PA,Júnior Ferrari,194.0,247.0,441.0,114.0
204574,64.0,25.0,761279.73,PL,MA,Junior Lourenço,226.0,402.0,628.0,249.0
204550,279.0,104.4,839716.1399999999,PSB,CE,Júnior Mano,278.0,116.0,394.0,86.0
220677,45.0,12.4,927937.3900000001,MDB,PA,Keniston Braga,384.0,440.0,824.0,354.0
162067,226.0,65.4,947832.5799999998,PT,SP,Kiko Celeguim,411.0,242.0,653.0,265.0
204536,1169.0,258.8,79510.70000000001,UNIÃO,SP,Kim Kataguiri,32.0,13.0,45.0,2.0
98057,496.0,118.7,930137.66,REPUBLICANOS,MG,Lafayette de Andrada,389.0,87.0,476.0,129.0
74856,2649.0,321.8,887283.8899999999,PSD,RJ,Laura Carneiro,330.0,9.0,339.0,59.0
141480,90.0,38.9,1001916.9999999999,PP,TO,Lázaro Botelho,491.0,355.0,846.0,364.0
178832,1.0,0.4,36139.61,PSD,PR,Leandre,19.0,483.0,502.0,153.0
220600,135.0,49.7,1155867.5599999998,UNIÃO,RO,Lebrão,595.0,309.0,904.0,384.0
220566,416.0,118.9,882310.85,PSDB,GO,Lêda Borges,323.0,86.0,409.0,94.0
80815,340.0,76.8,961974.7400000001,PDT,BA,Leo Prates,434.0,196.0,630.0,251.0
122195,21.0,15.0,173752.25999999998,PODE,PB,Leonardo Gadelha,73.0,433.0,506.0,157.0
74156,225.0,73.3,926039.42,PT,MG,Leonardo Monteiro,382.0,208.0,590.0,220.0
74299,122.0,46.800000000000004,533308.79,PDT,CE,Leônidas Cristino,140.0,322.0,462.0,121.0
92102,101.0,25.8,998459.0899999999,UNIÃO,BA,Leur Lomanto Júnior,489.0,399.0,888.0,380.0
139285,624.0,130.3,941656.3300000001,PSB,BA,Lídice da Mata,399.0,67.0,466.0,123.0
74585,198.0,72.10000000000001,892515.4199999999,PL,MG,Lincoln Portela,338.0,214.0,552.0,195.0
74858,481.0,93.3,352521.9199999999,PT,RJ,Lindbergh Farias,105.0,150.0,255.0,33.0
171139,19.0,11.2,51022.630000000005,SOLIDARIEDADE,SP,Loreny,26.0,445.0,471.0,126.0
220662,209.0,66.8,1048840.74,PSB,PE,Lucas Ramos,539.0,234.0,773.0,330.0
204404,317.0,77.9,659719.1099999999,PSDB,RS,Lucas Redecker,178.0,192.0,370.0,78.0
138286,120.0,44.0,531926.71,PSD,PR,Luciano Alves,139.0,339.0,478.0,130.0
220581,180.0,51.4,1060618.98,PV,AL,Luciano Amaral,550.0,299.0,849.0,365.0
103758,33.0,17.8,520630.36000000004,PSD,RS,Luciano Azevedo,137.0,425.0,562.0,202.0
74478,1258.0,11.8,546723.12,UNIÃO,PE,Luciano Bivar,143.0,443.0,586.0,218.0
178931,204.0,84.0,850731.05,PSB,PR,Luciano Ducci,292.0,176.0,468.0,124.0
227323,9.0,6.4,181398.93,PL,MA,Luciano Galego,76.0,464.0,540.0,188.0
220616,245.0,87.4,671303.26,REPUBLICANOS,RJ,Luciano Vieira,184.0,167.0,351.0,65.0
178954,322.0,129.8,1070758.47,MDB,RO,Lucio Mosquini,561.0,70.0,631.0,252.0
229082,30.0,8.8,184897.72999999998,PDT,MA,Lucyana Genésio,79.0,452.0,531.0,180.0
222429,75.0,19.900000000000002,922137.19,REPUBLICANOS,RJ,Luis Carlos Gomes,374.0,419.0,793.0,339.0
160510,67.0,19.6,526254.11,AVANTE,MG,Luis Tibé,138.0,420.0,558.0,200.0
204410,298.0,103.4,919247.06,PSD,PR,Luisa Canziani,368.0,117.0,485.0,137.0
204448,6.0,3.0,306928.08,PP,RJ,Luiz Antonio Corrêa,98.0,474.0,572.0,207.0
141485,131.0,49.800000000000004,1019898.51,UNIÃO,RS,Luiz Carlos Busato,513.0,308.0,821.0,353.0
73778,231.0,61.5,613644.1699999999,PODE,PR,Luiz Carlos Hauly,158.0,259.0,417.0,99.0
204485,118.0,43.800000000000004,753966.54,PL,SP,Luiz Carlos Motta,219.0,340.0,559.0,201.0
74041,532.0,96.4,908317.0599999998,PT,PB,Luiz Couto,356.0,138.0,494.0,145.0
141487,120.0,47.800000000000004,823715.16,PSD,MG,Luiz Fernando Faria,267.0,319.0,586.0,218.0
229432,18.0,8.6,121003.37999999999,MDB,SC,Luiz Fernando Vampiro,45.0,453.0,498.0,149.0
220658,343.0,56.4,1057122.29,PSD,CE,Luiz Gastão,545.0,282.0,827.0,356.0
204455,400.0,119.4,835639.08,PL,RJ,Luiz Lima,276.0,85.0,361.0,70.0
162332,164.0,58.0,965147.71,PSD,PR,Luiz Nishimori,438.0,273.0,711.0,299.0
204526,669.0,189.2,727680.37,PL,SP,Luiz Philippe de Orleans e Bragança,208.0,28.0,236.0,27.0
74784,214.0,77.8,647939.75,PSOL,SP,Luiza Erundina,170.0,193.0,363.0,72.0
178866,181.0,61.2,980558.35,PT,CE,Luizianne Lins,463.0,260.0,723.0,306.0
220669,118.0,37.2,910059.85,PP,PE,Lula da Fonte,359.0,358.0,717.0,303.0
166402,89.0,30.8,998169.2,PRD,GO,Magda Mofatto,488.0,381.0,869.0,372.0
220648,941.0,238.4,1041973.4299999999,UNIÃO,SP,Marangoni,533.0,19.0,552.0,195.0
156190,786.0,229.3,334138.42999999993,NOVO,RS,Marcel van Hattem,102.0,21.0,123.0,4.0
179000,179.0,57.5,864586.98,PL,MG,Marcelo Álvaro Antônio,309.0,276.0,585.0,217.0
204433,4.0,1.4,52147.7,PSD,RJ,Marcelo Calero,27.0,478.0,505.0,156.0
220599,240.0,79.60000000000001,967775.65,REPUBLICANOS,RJ,Marcelo Crivella,442.0,188.0,630.0,251.0
220634,82.0,36.2,379685.63999999996,PSB,SP,Marcelo Lima,109.0,363.0,472.0,127.0
133810,125.0,38.7,480638.86,PL,RS,Marcelo Moraes,127.0,356.0,483.0,135.0
160161,388.0,118.4,801428.6799999999,PP,RJ,Marcelo Queiroz,252.0,88.0,340.0,60.0
178983,49.0,19.5,47716.130000000005,PL,SP,Marcio Alvino,25.0,421.0,446.0,116.0
179001,36.0,14.8,850974.82,MDB,RS,Márcio Biolchi,293.0,434.0,727.0,307.0
226410,25.0,13.1,128836.37,MDB,GO,Márcio Correa,50.0,438.0,488.0,140.0
220687,289.0,76.4,810052.51,PDT,MA,Márcio Honaiser,259.0,198.0,457.0,120.0
81055,207.0,65.60000000000001,980270.3,PCdoB,MA,Márcio Jerry,461.0,241.0,702.0,294.0
150418,416.0,82.3,894722.44,REPUBLICANOS,BA,Márcio Marinho,342.0,179.0,521.0,171.0
204522,104.0,39.7,170284.92,PSD,SP,Marco Bertaiolli,69.0,352.0,421.0,101.0
219585,129.0,52.7,954893.35,PP,PR,Marco Brasil,421.0,295.0,716.0,302.0
160535,792.0,93.4,848981.71,PT,RS,Marcon,291.0,149.0,440.0,113.0
204431,17.0,5.6000000000000005,1094867.01,PSD,PI,Marcos Aurélio Sampaio,578.0,467.0,1045.0,400.0
204506,6341.0,16.6,925150.0399999999,REPUBLICANOS,SP,Marcos Pereira,379.0,428.0,807.0,347.0
220547,1198.0,288.2,935230.71,PL,MS,Marcos Pollon,393.0,12.0,405.0,90.0
178943,96.0,59.0,751977.23,UNIÃO,RJ,Marcos Soares,217.0,270.0,487.0,139.0
220604,1026.0,239.5,563137.63,PDT,RJ,Marcos Tavares,148.0,18.0,166.0,8.0
220668,344.0,80.9,1043275.85,SOLIDARIEDADE,PE,Maria Arraes,536.0,184.0,720.0,305.0
74398,263.0,94.60000000000001,1087501.0,PT,RS,Maria do Rosário,571.0,145.0,716.0,302.0
204540,185.0,44.9,904725.14,REPUBLICANOS,SP,Maria Rosas,351.0,333.0,684.0,284.0
227275,11.0,2.4000000000000004,173846.16,REPUBLICANOS,MA,Mariana Carvalho,74.0,476.0,550.0,194.0
220655,402.0,135.5,862803.31,PL,SP,Mario Frias,308.0,60.0,368.0,77.0
74158,181.0,47.6,582191.86,PDT,MG,Mário Heringer,151.0,320.0,471.0,126.0
178858,82.0,30.6,937328.42,PP,BA,Mário Negromonte Jr.,395.0,382.0,777.0,333.0
204566,173.0,53.4,884180.83,PRD,MA,Marreca Filho,325.0,292.0,617.0,240.0
220572,240.0,62.4,946177.21,MDB,GO,Marussa Boldrin,408.0,255.0,663.0,270.0
178843,281.0,136.1,1003891.95,PP,AL,Marx Beltrão,498.0,58.0,556.0,199.0
220661,57.0,22.2,747292.53,PL,CE,Matheus Noronha,215.0,412.0,627.0,248.0
220609,169.0,43.2,885549.9600000001,UNIÃO,RO,Maurício Carvalho,328.0,342.0,670.0,274.0
220628,254.0,73.0,979594.05,PL,MG,Mauricio do Vôlei,460.0,210.0,670.0,274.0
220550,622.0,138.4,770252.7,PODE,RS,Mauricio Marcon,234.0,53.0,287.0,39.0
220647,165.0,69.0,886340.47,PP,SP,Mauricio Neves,329.0,223.0,552.0,195.0
204486,180.0,48.6,920376.37,PDT,CE,Mauro Benevides Filho,372.0,316.0,688.0,287.0
220607,236.0,109.60000000000001,943119.75,PDT,RJ,Max Lemos,401.0,109.0,510.0,161.0
220591,302.0,93.60000000000001,1183938.36,UNIÃO,AC,Meire Serafim,600.0,148.0,748.0,320.0
74428,321.0,72.2,929066.5799999998,UNIÃO,PE,Mendonça Filho,387.0,213.0,600.0,230.0
188097,232.0,52.6,1069526.74,PT,PI,Merlong Solano,560.0,296.0,856.0,369.0
220585,140.0,30.400000000000002,724197.2699999999,PP,PB,Mersinho Lucena,205.0,383.0,588.0,219.0
220530,806.0,158.0,943704.02,REPUBLICANOS,ES,Messias Donato,404.0,39.0,443.0,115.0
171786,157.0,31.8,844160.29,PT,MG,Miguel Ângelo,286.0,378.0,664.0,271.0
178985,120.0,44.4,636404.04,PL,SP,Miguel Lombardi,166.0,336.0,502.0,153.0
154178,8.0,3.0,207003.71999999997,REPUBLICANOS,SP,Milton Vieira,85.0,474.0,559.0,201.0
178895,70.0,30.200000000000003,1011451.4,PSD,MG,Misael Varella,502.0,384.0,886.0,379.0
229225,124.0,61.1,170348.13999999998,PP,PE,Missionária Michele Collins,70.0,261.0,331.0,55.0
178997,205.0,65.8,1013924.1599999999,UNIÃO,CE,Moses Rodrigues,506.0,239.0,745.0,319.0
220617,192.0,59.300000000000004,823308.8999999999,UNIÃO,RJ,Murillo Gouvea,266.0,268.0,534.0,183.0
220584,161.0,48.800000000000004,1040327.89,REPUBLICANOS,PB,Murilo Galdino,531.0,315.0,846.0,364.0
204453,167.0,49.2,980501.6199999999,PT,RN,Natália Bonavides,462.0,313.0,775.0,331.0
204449,105.0,32.1,454833.95999999996,PL,MT,Nelson Barbudo,120.0,376.0,496.0,147.0
220622,157.0,54.6,973901.0299999999,PODE,MG,Nely Aquino,453.0,289.0,742.0,316.0
220703,218.0,62.800000000000004,1064265.49,PP,BA,Neto Carletto,556.0,253.0,809.0,348.0
229939,3.0,2.0,154677.13999999998,UNIÃO,PR,Newton Bonin,62.0,477.0,539.0,187.0
178896,173.0,63.400000000000006,603140.4299999999,MDB,MG,Newton Cardoso Jr,155.0,251.0,406.0,91.0
204479,495.0,120.3,1142258.4000000001,UNIÃO,RR,Nicoletti,594.0,81.0,675.0,277.0
209787,608.0,132.2,601281.3500000001,PL,MG,Nikolas Ferreira,154.0,65.0,219.0,22.0
178986,930.0,135.70000000000002,1003350.6,PT,SP,Nilto Tatto,496.0,59.0,555.0,198.0
227660,36.0,16.6,281025.03,PSD,SE,Nitinho,96.0,428.0,524.0,174.0
74159,693.0,149.8,970959.1799999999,PT,MG,Odair Cunha,449.0,44.0,493.0,144.0
204498,64.0,15.6,917043.99,MDB,PA,Olival Marques,367.0,432.0,799.0,343.0
178987,248.0,55.5,894078.6499999999,PCdoB,SP,Orlando Silva,340.0,285.0,625.0,246.0
73692,232.0,69.7,939266.8600000001,MDB,RS,Osmar Terra,397.0,220.0,617.0,240.0
204422,151.0,31.2,676159.44,REPUBLICANOS,PE,Ossesio Silva,189.0,380.0,569.0,205.0
204441,169.0,68.10000000000001,835587.37,MDB,RJ,Otoni de Paula,275.0,226.0,501.0,152.0
204573,217.0,82.0,914737.0499999999,PSD,BA,Otto Alencar Filho,363.0,180.0,543.0,190.0
220706,233.0,84.5,854679.34,UNIÃO,PR,Padovani,296.0,173.0,469.0,125.0
160556,653.0,114.5,925741.69,PT,MG,Padre João,380.0,101.0,481.0,133.0
230762,1.0,0.0,106128.86,UNIÃO,PA,Pastor Claudio Mariano,41.0,485.0,526.0,176.0
180214,269.0,73.2,1015004.18,UNIÃO,RR,Pastor Diniz,510.0,209.0,719.0,304.0
160642,327.0,87.9,803152.84,PL,PE,Pastor Eurico,253.0,165.0,418.0,100.0
204570,144.0,67.5,846546.1499999999,PL,MA,Pastor Gil,288.0,229.0,517.0,167.0
220615,635.0,111.3,773741.2699999999,PSOL,RJ,Pastor Henrique Vieira,237.0,106.0,343.0,61.0
204553,147.0,51.7,439112.92999999993,AVANTE,BA,Pastor Sargento Isidório,117.0,298.0,415.0,98.0
74160,1266.0,69.60000000000001,859345.33,PT,MG,Patrus Ananias,302.0,221.0,523.0,173.0
74095,117.0,10.8,334035.57,UNIÃO,AM,Pauderney Avelino,101.0,446.0,547.0,192.0
171617,601.0,75.0,773022.13,PT,AL,Paulão,236.0,202.0,438.0,112.0
141518,8.0,0.0,231457.53999999998,SOLIDARIEDADE,SP,Paulinho da Força,88.0,485.0,573.0,208.0
220627,141.0,59.1,884940.86,UNIÃO,RN,Paulinho Freire,326.0,269.0,595.0,225.0
141516,74.0,17.0,708089.28,PSDB,MG,Paulo Abi-Ackel,201.0,427.0,628.0,249.0
220650,189.0,67.2,500730.1,PSDB,SP,Paulo Alexandre Barbosa,131.0,231.0,362.0,71.0
178860,47.0,13.2,1012687.14,UNIÃO,BA,Paulo Azi,505.0,437.0,942.0,394.0
160517,252.0,98.0,1014226.0399999999,PSB,ES,Paulo Folletto,508.0,134.0,642.0,259.0
160558,67.0,26.2,707438.6400000001,PL,SP,Paulo Freire Costa,200.0,396.0,596.0,226.0
204492,258.0,44.2,989656.81,PT,MG,Paulo Guedes,474.0,337.0,811.0,349.0
220685,124.0,50.7,1002668.6100000001,PSD,PR,Paulo Litro,493.0,303.0,796.0,341.0
74574,105.0,16.400000000000002,801314.0,PSD,BA,Paulo Magalhães,251.0,429.0,680.0,280.0
128760,4.0,1.0,156449.05000000002,PL,MA,Paulo Marinho Jr,63.0,480.0,543.0,190.0
74400,10.0,0.0,9786.56,PT,RS,Paulo Pimenta,6.0,485.0,491.0,142.0
220630,495.0,180.6,876193.79,PRD,MG,Pedro Aihara,318.0,31.0,349.0,64.0
220667,419.0,105.4,776619.47,PSB,PE,Pedro Campos,239.0,113.0,352.0,66.0
229112,25.0,6.2,162527.06999999998,PL,TO,Pedro Jr,65.0,465.0,530.0,179.0
122974,262.0,61.0,1079683.86,UNIÃO,MA,Pedro Lucas Fernandes,567.0,262.0,829.0,357.0
204395,414.0,60.1,869505.29,PP,PR,Pedro Lupion,314.0,266.0,580.0,213.0
122158,102.0,34.0,792846.77,PSD,RJ,Pedro Paulo,244.0,370.0,614.0,238.0
229259,8.0,5.6,63400.44,PT,SP,Pedro Tourinho,28.0,468.0,496.0,147.0
160604,663.0,129.9,768567.33,PT,SC,Pedro Uczai,233.0,69.0,302.0,43.0
204406,296.0,99.9,1066183.08,PP,RS,Pedro Westphalen,558.0,128.0,686.0,286.0
161440,374.0,138.20000000000002,598331.33,MDB,SC,Pezenti,153.0,54.0,207.0,17.0
204524,100.0,45.9,867529.01,PP,MG,Pinheirinho,312.0,327.0,639.0,256.0
73486,355.0,186.8,1265692.37,PDT,RS,Pompeo de Mattos,606.0,29.0,635.0,254.0
160601,593.0,78.5,862291.27,PL,SP,Pr. Marco Feliciano,307.0,189.0,496.0,147.0
226075,44.0,22.3,163216.19,PL,CE,Priscila Costa,67.0,411.0,478.0,130.0
89536,428.0,117.7,234520.84,REPUBLICANOS,DF,Prof. Paulo Fernando,89.0,91.0,180.0,11.0
220533,296.0,87.4,634925.44,PV,DF,Prof. Reginaldo Veras,163.0,167.0,330.0,54.0
204390,174.0,48.2,1083740.7,PL,GO,Professor Alcides,568.0,317.0,885.0,378.0
220580,269.0,81.60000000000001,1087396.8,PDT,AP,Professora Goreth,570.0,182.0,752.0,322.0
221338,631.0,153.5,556291.45,PSOL,SP,Professora Luciene Cavalcante,146.0,42.0,188.0,13.0
220586,313.0,70.6,926835.81,MDB,AL,Rafael Brito,383.0,216.0,599.0,229.0
220532,139.0,43.1,915240.3099999999,MDB,DF,Rafael Prudente,364.0,343.0,707.0,297.0
220626,157.0,45.2,970508.46,UNIÃO,MG,Rafael Simoes,447.0,331.0,778.0,334.0
204567,155.0,49.6,1014853.0999999999,PODE,BA,Raimundo Costa,509.0,310.0,819.0,352.0
74084,2020.0,700.2,894333.31,PSD,PA,Raimundo Santos,341.0,3.0,344.0,62.0
115200,36.0,9.6,195055.93000000002,REPUBLICANOS,PB,Raniery Paulino,82.0,449.0,531.0,180.0
74161,137.0,45.800000000000004,376286.42999999993,PT,MG,Reginaldo Lopes,108.0,328.0,436.0,111.0
221378,243.0,76.8,946680.56,PT,RS,Reginete Bispo,409.0,196.0,605.0,234.0
220606,404.0,98.60000000000001,821161.3400000001,PT,RJ,Reimont,263.0,131.0,394.0,86.0
205865,103.0,39.1,960796.0900000001,PSD,PR,Reinhold Stephanes,431.0,354.0,785.0,335.0
225386,20.0,7.6,36924.43,PSD,RJ,Renan Ferreirinha,20.0,461.0,481.0,133.0
178989,306.0,101.2,776355.06,PODE,SP,Renata Abreu,238.0,124.0,362.0,71.0
153423,265.0,84.4,1027234.7899999999,MDB,PA,Renilce Nicodemos,518.0,174.0,692.0,289.0
73801,141.0,42.2,840760.9199999999,PCdoB,PE,Renildo Calheiros,282.0,344.0,626.0,247.0
175765,3.0,0.0,80636.74,PSD,SP,Ribamar Silva,33.0,485.0,518.0,168.0
221329,50.0,20.2,205305.98,UNIÃO,RJ,Ricardo Abrão,84.0,417.0,501.0,152.0
220543,809.0,145.6,978893.6399999999,REPUBLICANOS,TO,Ricardo Ayres,459.0,49.0,508.0,159.0
73788,2.0,0.0,28896.489999999998,PP,PR,Ricardo Barros,15.0,485.0,500.0,151.0
204362,24.0,7.800000000000001,271173.91000000003,PL,SC,Ricardo Guidi,95.0,459.0,554.0,197.0
220694,62.0,25.8,934045.01,MDB,BA,Ricardo Maia,392.0,399.0,791.0,338.0
220633,307.0,87.8,991583.6399999999,NOVO,SP,Ricardo Salles,479.0,166.0,645.0,262.0
213274,216.0,74.10000000000001,717253.0800000001,PSD,SP,Ricardo Silva,202.0,206.0,408.0,93.0
204489,9.0,2.6,385590.86,PDT,CE,Robério Monteiro,110.0,475.0,585.0,217.0
220693,165.0,51.300000000000004,947203.76,PL,BA,Roberta Roma,410.0,300.0,710.0,298.0
220588,335.0,102.5,951650.8499999999,REPUBLICANOS,AC,Roberto Duarte,415.0,119.0,534.0,183.0
220613,241.0,78.4,797118.15,PL,RJ,Roberto Monteiro Pai,248.0,190.0,438.0,112.0
220624,64.0,22.400000000000002,767276.12,PL,RN,Robinson Faria,231.0,410.0,641.0,258.0
220546,379.0,120.0,1094107.31,PL,MS,Rodolfo Nogueira,577.0,83.0,660.0,268.0
230767,29.0,0.0,85108.99,PL,MT,Rodrigo da Zaeli,35.0,485.0,520.0,170.0
141531,101.0,36.9,841559.5599999999,UNIÃO,MG,Rodrigo de Castro,283.0,359.0,642.0,259.0
223128,98.0,36.7,731596.11,PSD,PR,Rodrigo Estacho,209.0,360.0,569.0,205.0
220641,202.0,62.6,830569.7899999999,PODE,SP,Rodrigo Gambale,271.0,254.0,525.0,175.0
165470,644.0,133.8,962732.0099999999,UNIÃO,SE,Rodrigo Valadares,437.0,62.0,499.0,150.0
220695,1069.0,211.20000000000002,925865.0700000001,REPUBLICANOS,BA,Rogéria Santos,381.0,26.0,407.0,92.0
204480,377.0,90.3,911582.46,PT,MG,Rogério Correia,361.0,159.0,520.0,170.0
160629,390.0,138.0,816508.34,PODE,PB,Romero Rodrigues,261.0,55.0,316.0,46.0
163321,56.0,25.9,507948.97,REPUBLICANOS,RS,Ronaldo Nogueira,134.0,398.0,532.0,181.0
204525,180.0,67.0,859897.8,PL,SP,Rosana Valle,304.0,233.0,537.0,186.0
178945,1.0,1.0,27380.910000000003,REPUBLICANOS,RJ,Rosangela Gomes,13.0,480.0,493.0,144.0
220644,480.0,137.3,674722.9,UNIÃO,SP,Rosangela Moro,186.0,57.0,243.0,29.0
220620,132.0,46.7,910098.41,PL,MG,Rosângela Reis,360.0,323.0,683.0,283.0
73806,59.0,11.200000000000001,818298.74,MDB,MA,Roseana Sarney,262.0,444.0,706.0,296.0
74371,152.0,43.6,1073349.7,PT,GO,Rubens Otoni,565.0,341.0,906.0,385.0
178887,672.0,84.0,1029876.3899999999,PT,MA,Rubens Pereira Júnior,520.0,176.0,696.0,291.0
73604,91.0,30.200000000000003,683243.46,PT,SP,Rui Falcão,195.0,384.0,579.0,212.0
160635,147.0,53.300000000000004,985537.34,PODE,PB,Ruy Carneiro,471.0,293.0,764.0,326.0
204535,1478.0,176.70000000000002,698242.6499999999,PSOL,SP,Sâmia Bomfim,197.0,32.0,229.0,25.0
220631,131.0,50.1,891243.1000000001,REPUBLICANOS,MG,Samuel Viana,336.0,306.0,642.0,259.0
204416,464.0,135.3,970957.32,PL,RS,Sanderson,448.0,61.0,509.0,160.0
160621,2.0,1.4,123813.57,PSD,PR,Sandro Alex,46.0,478.0,524.0,174.0
204387,428.0,130.6,360022.20999999996,PSD,PR,Sargento Fahur,107.0,66.0,173.0,9.0
220621,365.0,115.4,657126.43,PL,RN,Sargento Gonçalves,176.0,97.0,273.0,36.0
220618,2962.0,979.4000000000001,746130.6900000001,PODE,RJ,Sargento Portugal,214.0,1.0,215.0,21.0
220713,1149.0,636.1999999999999,919415.83,UNIÃO,AM,Saullo Vianna,369.0,4.0,373.0,80.0
226837,74.0,25.900000000000002,518492.80000000005,PSD,SP,Saulo Pedroso,135.0,397.0,532.0,181.0
178933,163.0,34.7,999452.1499999999,MDB,PR,Sergio Souza,490.0,367.0,857.0,370.0
204557,299.0,58.2,1037394.54,PSD,AM,Sidney Leite,528.0,272.0,800.0,344.0
74356,641.0,246.79999999999998,970398.76,REPUBLICANOS,AM,Silas Câmara,446.0,16.0,462.0,121.0
204360,280.0,95.5,1141585.15,PP,RO,Silvia Cristina,593.0,142.0,735.0,312.0
220579,575.0,181.5,953798.07,PL,AP,Silvia Waiãpi,420.0,30.0,450.0,117.0
227310,17.0,3.0,172037.06999999998,PL,MA,Silvio Antonio,71.0,474.0,545.0,191.0
204425,120.0,30.400000000000002,304604.75,REPUBLICANOS,PE,Silvio Costa Filho,97.0,383.0,480.0,132.0
220569,431.0,113.10000000000001,739851.63,UNIÃO,GO,Silvye Alves,213.0,102.0,315.0,45.0
220651,135.0,45.8,932150.54,MDB,SP,Simone Marquetto,391.0,329.0,720.0,305.0
104552,522.0,119.5,995964.5299999999,PP,AC,Socorro Neri,484.0,84.0,568.0,204.0
220575,147.0,52.6,1116135.9,PL,AP,Sonize Barbosa,586.0,296.0,882.0,375.0
178946,169.0,49.2,330132.52,PL,RJ,Soraya Santos,100.0,313.0,413.0,96.0
178947,780.0,154.5,851752.52,PL,RJ,Sóstenes Cavalcante,294.0,41.0,335.0,58.0
92776,74.0,27.6,1011685.4,PSD,MG,Stefano Aguiar,503.0,392.0,895.0,382.0
204534,452.0,145.6,907794.87,PSB,SP,Tabata Amaral,354.0,49.0,403.0,89.0
230177,20.0,8.4,125931.16999999998,PL,CE,Tadeu Oliveira,48.0,455.0,503.0,154.0
220682,341.0,73.2,847161.66,PT,PR,Tadeu Veneri,289.0,209.0,498.0,149.0
204464,586.0,126.7,676108.0599999999,PSOL,RJ,Talíria Petrone,188.0,74.0,262.0,35.0
220598,755.0,120.2,640665.98,PSOL,RJ,Tarcísio Motta,168.0,82.0,250.0,31.0
220560,148.0,46.1,892754.85,PP,SE,Thiago de Joaldo,339.0,326.0,665.0,272.0
220597,175.0,62.0,930270.15,REPUBLICANOS,RO,Thiago Flores,390.0,256.0,646.0,263.0
220684,268.0,83.5,981725.0800000001,PP,PR,Tião Medeiros,464.0,177.0,641.0,258.0
160976,74.0,32.2,547136.52,PL,SP,Tiririca,144.0,375.0,519.0,169.0
178934,230.0,72.60000000000001,1061593.46,PP,PR,Toninho Wandscheer,553.0,212.0,765.0,327.0
157130,1193.0,117.8,801094.01,REDE,PE,Túlio Gadêlha,250.0,90.0,340.0,60.0
223398,19.0,9.4,110848.42000000001,MDB,MG,Ulisses Guimarães,44.0,451.0,495.0,146.0
160610,764.0,84.3,909693.17,PT,BA,Valmir Assunção,358.0,175.0,533.0,182.0
74376,210.0,72.60000000000001,982115.41,PT,MS,Vander Loubet,465.0,212.0,677.0,278.0
204396,192.0,61.800000000000004,1099597.71,PL,PR,Vermelho,580.0,257.0,837.0,361.0
74283,203.0,60.6,732839.74,PT,SP,Vicentinho,211.0,264.0,475.0,128.0
137070,248.0,86.10000000000001,789709.55,PP,TO,Vicentinho Júnior,242.0,170.0,412.0,95.0
141555,394.0,98.2,840473.83,REPUBLICANOS,SP,Vinicius Carvalho,281.0,133.0,414.0,97.0
160591,25.0,9.5,1060624.03,PL,AP,Vinicius Gurgel,551.0,450.0,1001.0,396.0
178992,287.0,77.8,973477.54,PSDB,SP,Vitor Lippi,451.0,193.0,644.0,261.0
91228,248.0,68.0,1023534.39,AVANTE,PE,Waldemar Oliveira,516.0,227.0,743.0,317.0
160569,233.0,55.0,1006499.43,PT,BA,Waldenor Pereira,499.0,287.0,786.0,336.0
220601,195.0,72.60000000000001,649863.22,PT,RJ,Washington Quaquá,172.0,212.0,384.0,83.0
160518,220.0,67.10000000000001,943304.09,SOLIDARIEDADE,MG,Weliton Prado,402.0,232.0,634.0,253.0
74043,134.0,41.5,992888.1700000002,PL,PB,Wellington Roberto,480.0,346.0,826.0,355.0
224333,239.0,72.60000000000001,834459.01,PT,PR,Welter,274.0,212.0,486.0,138.0
74044,188.0,72.8,1051257.85,REPUBLICANOS,PB,Wilson Santiago,542.0,211.0,753.0,323.0
182146,12.0,8.4,181728.59,SOLIDARIEDADE,MA,Wolmer Araújo,77.0,455.0,532.0,181.0
220564,288.0,85.60000000000001,659010.5599999999,UNIÃO,SE,Yandra Moura,177.0,172.0,349.0,64.0
220660,138.0,57.4,858250.4199999999,MDB,CE,Yury do Paredão,301.0,278.0,579.0,212.0
230768,5.0,0.0,27081.22,PP,AC,Zé Adriano,12.0,485.0,497.0,148.0
220536,310.0,78.5,1208373.0,PSD,RR,Zé Haroldo Cathedral,602.0,189.0,791.0,338.0
204559,199.0,64.60000000000001,752380.15,PT,BA,Zé Neto,218.0,247.0,465.0,122.0
160632,186.0,67.5,924180.0599999999,SOLIDARIEDADE,MG,Zé Silva,377.0,229.0,606.0,235.0
220558,582.0,158.0,1091724.3599999999,PL,SC,Zé Trovão,574.0,39.0,613.0,237.0
204517,304.0,94.7,1045329.1900000001,PL,MG,Zé Vitor,537.0,144.0,681.0,281.0
160592,615.0,128.3,970040.78,PT,PR,Zeca Dirceu,445.0,72.0,517.0,167.0
220592,185.0,66.2,1036013.53,PP,AC,Zezinho Barbary,526.0,236.0,762.0,325.0
220552,814.0,135.3,503879.94000000006,PL,RS,Zucco,133.0,61.0,194.0,15.0
178836,3.0,0.8999999999999999,38100.920000000006,UNIÃO,AC,Alan Rick,21.0,481.0,502.0,153.0
74459,1.0,0.3,25981.649999999998,PP,PI,Átila Lira,11.0,484.0,495.0,146.0
141335,1.0,0.0,35081.850000000006,PT,PA,Beto Faro,18.0,485.0,503.0,154.0
93083,1.0,0.0,23276.09,PP,BA,Cacá Leão,10.0,485.0,495.0,146.0
141422,2.0,0.3,34067.7,UNIÃO,PB,Efraim Filho,17.0,484.0,501.0,152.0
151208,3.0,0.3,12806.809999999998,PP,SE,Laercio Oliveira,7.0,484.0,491.0,142.0
178879,1.0,0.0,32856.49,SOLIDARIEDADE,GO,Lucas Vergilio,16.0,485.0,501.0,152.0
160639,1.0,0.0,28078.61,UNIÃO,TO,Professora Dorinha Seabra Rezende,14.0,485.0,499.0,150.0
178925,1.0,0.3,5671.91,PT,PI,Rejane Dias,5.0,484.0,489.0,141.0
204530,1.0,0.0,2437.120000000001,PSB,SP,Rodrigo Agostinho,3.0,485.0,488.0,140.0
178901,2.0,0.6,22133.01,PP,MS,Tereza Cristina,9.0,482.0,491.0,142.0
